Manufacturer,Typecode,nd,vd,ne,ve,PgF,dPgF,PrecisionMolding
Ohara,S-FPL51,1.49700,81.5468,1.49845,81.1526,0.537497,0.0280,
Ohara,S-FPL53,1.43875,94.9471,1.43985,94.4942,0.534342,0.0461,
Ohara,S-FPL55,1.43875,94.6622,1.43986,94.2172,0.534036,0.0457,
Ohara,S-FPM2,1.59522,67.7365,1.59732,67.3743,0.544273,0.0123,
Ohara,S-FPM3,1.53775,74.7040,1.53947,74.3420,0.539374,0.0186,
Ohara,S-FPM4,1.52841,76.4537,1.53006,76.0735,0.539551,0.0218,
Ohara,S-FPM5,1.55200,70.6979,1.55386,70.3377,0.542203,0.0150,
Ohara,S-FSL5,1.48749,70.2371,1.48915,70.0401,0.530088,0.0022,
Ohara,S-BSL7,1.51633,64.1428,1.51825,63.9307,0.535322,-0.0024,
Ohara,S-BSM2,1.60738,56.8168,1.60993,56.5290,0.548420,-0.0013,
Ohara,S-BSM10,1.62280,57.0534,1.62540,56.7807,0.546412,-0.0028,
Ohara,S-BSM14,1.60311,60.6418,1.60548,60.3871,0.541497,-0.0019,
Ohara,S-BSM15,1.62299,58.1665,1.62554,57.8948,0.545900,-0.0016,
Ohara,S-BSM16,1.62041,60.2903,1.62286,60.0292,0.542676,-0.0012,
Ohara,S-BSM18,1.63854,55.3807,1.64129,55.1042,0.548591,-0.0035,
Ohara,S-BSM25,1.65844,50.8782,1.66152,50.5920,0.556133,-0.0031,
Ohara,S-BSM28,1.61772,49.8157,1.62067,49.5206,0.560361,-0.0006,
Ohara,S-BSM71,1.64850,53.0245,1.65141,52.7318,0.554882,-0.0010,
Ohara,S-BSM81,1.64000,60.0788,1.64254,59.8818,0.537053,-0.0073,
Ohara,S-NSL3,1.51823,58.9028,1.52033,58.6283,0.545684,-0.0005,
Ohara,S-NSL36,1.51742,52.4315,1.51976,52.1442,0.556502,-0.0002,
Ohara,S-BAL3,1.57135,52.9527,1.57392,52.6551,0.555460,-0.0005,
Ohara,S-BAL12,1.53996,59.4632,1.54212,59.1942,0.544193,-0.0012,
Ohara,S-BAL14,1.56883,56.3646,1.57124,56.0875,0.548912,-0.0014,
Ohara,S-BAL35,1.58913,61.1357,1.59143,60.8863,0.540682,-0.0018,
Ohara,S-BAL42,1.58313,59.3754,1.58547,59.1089,0.543467,-0.0020,
Ohara,S-BAM4,1.60562,43.7075,1.60891,43.4137,0.572151,0.0013,
Ohara,S-BAM12,1.63930,44.8734,1.64268,44.5878,0.568444,-0.0006,
Ohara,S-BAH11,1.66672,48.3258,1.67000,48.0377,0.561023,-0.0024,
Ohara,S-BAH27,1.70154,41.2399,1.70557,40.9555,0.576651,0.0018,
Ohara,S-BAH28,1.72342,37.9561,1.72793,37.6786,0.583720,0.0035,
Ohara,S-PHM52,1.61800,63.3343,1.62033,63.0223,0.544156,0.0051,
Ohara,S-PHM52Q,1.61800,63.3222,1.62033,63.0290,0.542723,0.0036,
Ohara,S-PHM53,1.60300,65.4444,1.60520,65.1568,0.540230,0.0045,
Ohara,S-TIL1,1.54814,45.7848,1.55098,45.4934,0.568607,0.0012,
Ohara,S-TIL2,1.54072,47.2277,1.54344,46.9402,0.565129,0.0000,
Ohara,S-TIL6,1.53172,48.8413,1.53430,48.5490,0.563106,0.0007,
Ohara,S-TIL25,1.58144,40.7481,1.58482,40.4698,0.577581,0.0019,
Ohara,S-TIL26,1.56732,42.8176,1.57047,42.5371,0.573105,0.0009,
Ohara,S-TIL27,1.57501,41.5057,1.57829,41.2232,0.576731,0.0024,
Ohara,S-TIM2,1.62004,36.2638,1.62409,35.9958,0.588015,0.0051,
Ohara,S-TIM5,1.60342,38.0278,1.60718,37.7553,0.583577,0.0036,
Ohara,S-TIM8,1.59551,39.2428,1.59911,38.9683,0.580445,0.0023,
Ohara,S-TIM25,1.67270,32.0996,1.67765,31.8463,0.598925,0.0093,
Ohara,S-TIM27,1.63980,34.4669,1.64419,34.2033,0.592345,0.0065,
Ohara,S-TIM28,1.68893,31.0758,1.69417,30.8315,0.600422,0.0092,
Ohara,S-TIM35,1.69895,30.1282,1.70442,29.8901,0.603000,0.0103,
Ohara,S-TIH1,1.71736,29.5185,1.72310,29.2827,0.604843,0.0110,
Ohara,S-TIH3,1.74000,28.2964,1.74617,28.0693,0.607912,0.0122,
Ohara,S-TIH4,1.75520,27.5124,1.76167,27.2900,0.610349,0.0133,
Ohara,S-TIH6,1.80518,25.4257,1.81264,25.2201,0.616174,0.0158,
Ohara,S-TIH10,1.72825,28.4610,1.73429,28.2325,0.607737,0.0123,
Ohara,S-TIH11,1.78472,25.6838,1.79192,25.4746,0.616226,0.0162,
Ohara,S-TIH13,1.74077,27.7897,1.74705,27.5653,0.609623,0.0130,
Ohara,S-TIH14,1.76182,26.5182,1.76859,26.3033,0.613627,0.0150,
Ohara,S-TIH18,1.72151,29.2327,1.72733,28.9991,0.605430,0.0111,
Ohara,S-TIH53,1.84666,23.7782,1.85504,23.5898,0.620555,0.0175,
Ohara,S-TIH53W,1.84666,23.7782,1.85504,23.5898,0.620555,0.0175,
Ohara,S-TIH53WN,1.84666,23.8641,1.85501,23.6732,0.620949,0.0179,
Ohara,S-TIH57,1.96300,24.1147,1.97240,23.9185,0.621272,0.0187,
Ohara,S-LAL7Q,1.65160,58.5451,1.65425,58.3383,0.539021,-0.0078,
Ohara,S-LAL8,1.71299,53.8677,1.71615,53.6359,0.545881,-0.0084,
Ohara,S-LAL9,1.69100,54.8232,1.69401,54.5905,0.545008,-0.0079,
Ohara,S-LAL10,1.72000,50.2312,1.72341,49.9824,0.552155,-0.0081,
Ohara,S-LAL12,1.67790,55.3419,1.68082,55.0784,0.547274,-0.0047,
Ohara,S-LAL12Q,1.67790,55.3475,1.68082,55.1221,0.543408,-0.0085,
Ohara,S-LAL14,1.69680,55.5329,1.69979,55.3096,0.543421,-0.0082,
Ohara,S-LAL18,1.72916,54.6807,1.73234,54.4520,0.544526,-0.0086,
Ohara,S-LAL18N,1.72916,54.5934,1.73234,54.3677,0.544272,-0.0089,
Ohara,S-LAL19,1.72916,54.0959,1.73237,53.8692,0.544918,-0.0092,
Ohara,S-LAL20,1.69930,51.1128,1.70256,50.8166,0.555244,-0.0036,
Ohara,S-LAL21,1.70300,52.3800,1.70620,52.1099,0.550714,-0.0061,
Ohara,S-LAL54Q,1.65100,56.2390,1.65376,56.0187,0.542114,-0.0085,
Ohara,S-LAL58,1.69350,50.8113,1.69675,50.5301,0.554721,-0.0047,
Ohara,S-LAL59,1.73400,51.4712,1.73739,51.2365,0.548756,-0.0096,
Ohara,S-LAL61,1.74100,52.6371,1.74435,52.4083,0.546774,-0.0096,
Ohara,S-LAL61Q,1.74100,52.6026,1.74436,52.3602,0.547933,-0.0085,
Ohara,S-LAM2,1.74400,44.7870,1.74795,44.5076,0.565613,-0.0035,
Ohara,S-LAM3,1.71700,47.9285,1.72056,47.6434,0.560632,-0.0034,
Ohara,S-LAM7,1.74950,35.2838,1.75453,35.0242,0.587060,0.0025,
Ohara,S-LAM55,1.76200,40.1007,1.76651,39.8256,0.576565,-0.0001,
Ohara,S-LAM60,1.74320,49.3400,1.74678,49.0982,0.553135,-0.0085,
Ohara,S-LAM66,1.80100,34.9678,1.80642,34.7213,0.586437,0.0015,
Ohara,S-LAM73,1.79360,37.0899,1.79867,36.8189,0.582857,0.0013,
Ohara,S-LAH51,1.78590,44.2032,1.79012,43.9480,0.563186,-0.0069,
Ohara,S-LAH52,1.79952,42.2255,1.80401,41.9699,0.567281,-0.0060,
Ohara,S-LAH52Q,1.79952,42.2400,1.80402,41.9780,0.567593,-0.0056,
Ohara,S-LAH53,1.80610,40.9265,1.81078,40.6719,0.570208,-0.0052,
Ohara,S-LAH53V,1.80610,40.9303,1.81078,40.6675,0.571429,-0.0039,
Ohara,S-LAH55V,1.83481,42.7258,1.83945,42.4757,0.564874,-0.0075,
Ohara,S-LAH55VS,1.83481,42.7442,1.83945,42.4917,0.564914,-0.0075,
Ohara,S-LAH58,1.88300,40.7656,1.88815,40.5200,0.566803,-0.0088,
Ohara,S-LAH59,1.81600,46.6211,1.82017,46.3702,0.556832,-0.0092,
Ohara,S-LAH60,1.83400,37.1609,1.83932,36.9170,0.577601,-0.0037,
Ohara,S-LAH60MQ,1.83400,37.1726,1.83932,36.9180,0.578674,-0.0027,
Ohara,S-LAH60V,1.83400,37.2073,1.83931,36.9493,0.580834,-0.0006,
Ohara,S-LAH63Q,1.80440,39.5810,1.80922,39.3112,0.576245,-0.0012,
Ohara,S-LAH64,1.78800,47.3691,1.79196,47.1244,0.555999,-0.0089,
Ohara,S-LAH65V,1.80400,46.5840,1.80811,46.3379,0.557314,-0.0088,
Ohara,S-LAH65VS,1.80400,46.5281,1.80811,46.2760,0.557770,-0.0085,
Ohara,S-LAH66,1.77250,49.5990,1.77621,49.3575,0.552131,-0.0092,
Ohara,S-LAH66N,1.77250,49.5485,1.77621,49.3092,0.551904,-0.0094,
Ohara,S-LAH71,1.85026,32.2705,1.85649,32.0264,0.593010,0.0036,
Ohara,S-LAH79,2.00330,28.2736,2.01169,28.0709,0.598039,0.0023,
Ohara,S-LAH88,1.91650,31.6045,1.92336,31.3802,0.591187,0.0008,
Ohara,S-LAH89,1.85150,40.7828,1.85646,40.5264,0.569596,-0.0060,
Ohara,S-LAH92,1.89190,37.1345,1.89760,36.8826,0.578146,-0.0034,
Ohara,S-LAH93,1.90525,35.0373,1.91137,34.7859,0.584880,0.0000,
Ohara,S-LAH95,1.90366,31.3435,1.91048,31.1042,0.596372,0.0055,
Ohara,S-LAH96,1.76385,48.4893,1.76760,48.2099,0.558994,-0.0041,
Ohara,S-LAH97,1.75500,52.3194,1.75844,52.0847,0.547581,-0.0094,
Ohara,S-LAH98,1.95375,32.3251,1.96073,32.0893,0.590580,0.0013,
Ohara,S-LAH99,2.00100,29.1398,2.00912,28.9196,0.599760,0.0054,
Ohara,S-LAH99W,2.00100,29.1398,2.00912,28.9196,0.599760,0.0054,
Ohara,S-FTM16,1.59270,35.3105,1.59667,35.0353,0.593378,0.0090,
Ohara,S-NBM51,1.61340,44.2682,1.61669,44.0230,0.563411,-0.0065,
Ohara,S-NBM52,1.62205,41.0798,1.62564,40.8381,0.569182,-0.0060,
Ohara,S-NBH5,1.65412,39.6833,1.65803,39.4341,0.573797,-0.0036,
Ohara,S-NBH8,1.72047,34.7084,1.72538,34.4742,0.583514,-0.0019,
Ohara,S-NBH51,1.74950,35.3329,1.75453,35.0978,0.581902,-0.0025,
Ohara,S-NBH52V,1.67300,38.2565,1.67717,38.0135,0.575811,-0.0039,
Ohara,S-NBH53V,1.73800,32.3270,1.74340,32.1003,0.590064,0.0008,
Ohara,S-NBH55,1.80000,29.8451,1.80633,29.6105,0.601796,0.0085,
Ohara,S-NBH56,1.85478,24.7993,1.86290,24.6145,0.612333,0.0109,
Ohara,S-NBH57,1.85025,30.0468,1.85694,29.8196,0.597984,0.0051,
Ohara,S-NBH58,1.78880,28.4290,1.79535,28.2205,0.600936,0.0054,
Ohara,S-NBH59,1.76634,35.8239,1.77141,35.5883,0.579326,-0.0043,
Ohara,S-NPH1,1.80809,22.7611,1.81643,22.5698,0.630748,0.0261,
Ohara,S-NPH1W,1.80809,22.7611,1.81643,22.5698,0.630748,0.0261,
Ohara,S-NPH2,1.92286,18.8972,1.93429,18.7414,0.649618,0.0386,
Ohara,S-NPH3,1.95906,17.4715,1.97188,17.3271,0.659950,0.0466,
Ohara,S-NPH4,1.89286,20.3621,1.90314,20.1957,0.639459,0.0308,
Ohara,S-NPH5,1.85896,22.7290,1.86784,22.5424,0.628453,0.0237,
Ohara,S-NPH7,1.77830,23.9119,1.78595,23.7119,0.624913,0.0220,
Ohara,L-BSL7,1.51633,64.0659,1.51825,63.8758,0.533462,-0.0045,1
Ohara,L-BAL35,1.58913,61.1533,1.59143,60.9327,0.538255,-0.0043,1
Ohara,L-BAL35P,1.59208,60.9947,1.59440,60.7754,0.538234,-0.0046,1
Ohara,L-BAL42,1.58313,59.3864,1.58547,59.1320,0.542384,-0.0031,1
Ohara,L-BAL42P,1.58593,59.2490,1.58829,58.9948,0.542638,-0.0031,1
Ohara,L-BAL43,1.58573,59.6977,1.58807,59.4507,0.541598,-0.0034,1
Ohara,L-TIM28,1.68948,31.0238,1.69473,30.7828,0.598755,0.0074,1
Ohara,L-LAL13,1.69350,53.1864,1.69661,52.9371,0.548329,-0.0072,1
Ohara,L-LAL15,1.69304,52.9312,1.69616,52.7022,0.546743,-0.0091,1
Ohara,L-LAM60,1.74320,49.2962,1.74679,49.0471,0.553041,-0.0088,1
Ohara,L-LAM69,1.73077,40.5087,1.73505,40.2520,0.572808,-0.0031,1
Ohara,L-LAH53,1.80625,40.9078,1.81093,40.6564,0.569219,-0.0062,1
Ohara,L-LAH84,1.80835,40.5490,1.81309,40.2979,0.569323,-0.0067,1
Ohara,L-LAH85V,1.85400,40.3789,1.85902,40.1305,0.568918,-0.0073,1
Ohara,L-LAH90,1.83220,40.0981,1.83713,39.8434,0.571527,-0.0052,1
Ohara,L-LAH91,1.76450,49.0975,1.76821,48.8505,0.552908,-0.0092,1
Ohara,L-LAH94,1.86100,37.0982,1.86650,36.8470,0.578583,-0.0029,1
Ohara,LAH80,1.88500,30.1642,1.89193,29.9393,0.598022,0.0052,
Ohara,PBH56,1.84139,24.5594,1.84947,24.3714,0.612752,0.0110,
Ohara,S-BAL41,1.56384,60.6673,1.56606,60.4236,0.540319,-0.0031,
Ohara,S-LAL7,1.65160,58.5513,1.65425,58.3036,0.542680,-0.0042,
Ohara,S-LAL54,1.65100,56.1644,1.65376,55.8897,0.548190,-0.0024,
Ohara,S-LAM61,1.72000,46.0251,1.72372,45.7474,0.563593,-0.0035,
Ohara,S-BAL2,1.57099,50.8005,1.57366,50.5046,0.558890,-0.0005,
Ohara,S-BAH10,1.67003,47.2315,1.67340,46.9471,0.562780,-0.0024,
Ohara,S-TIM22,1.64769,33.7932,1.65222,33.5331,0.593942,0.0070,
Ohara,S-TIH23,1.78470,26.2916,1.79173,26.0790,0.613619,0.0146,
Ohara,S-LAL13,1.69350,53.2060,1.69661,52.9678,0.547323,-0.0081,
Ohara,S-LAM54,1.75700,47.8237,1.76076,47.5773,0.556638,-0.0076,
Ohara,S-LAH63,1.80440,39.5866,1.80922,39.3353,0.572989,-0.0045,
Ohara,L-TIM28P,1.69453,30.6564,1.69988,30.4183,0.599316,0.0073,1
Hoya,FC5,1.48749,70.4420,1.48914,70.2421,0.530630,0.0090,
Hoya,FCD1,1.49700,81.6093,1.49845,81.2026,0.538889,0.0374,
Hoya,FCD1B,1.49710,81.5605,1.49856,81.1570,0.538493,0.0369,
Hoya,FCD10A,1.45860,90.1960,1.45981,89.7676,0.535172,0.0490,
Hoya,FCD100,1.43700,95.1015,1.43810,94.6607,0.533656,0.0564,
Hoya,FCD500,1.55397,71.7624,1.55581,71.3983,0.539330,0.0200,
Hoya,FCD515,1.59282,68.6252,1.59489,68.2511,0.544153,0.0192,
Hoya,FCD600,1.59410,60.4754,1.59644,60.1019,0.555178,0.0156,
Hoya,FCD615,1.57144,71.6166,1.57334,71.2437,0.541945,0.0224,
Hoya,FCD705,1.55032,75.4972,1.55206,75.1202,0.540023,0.0276,
Hoya,FCD915,1.48071,85.2970,1.48205,84.8893,0.536246,0.0413,
Hoya,PCD4,1.61800,63.3966,1.62032,63.1146,0.540164,0.0059,
Hoya,PCD40,1.61997,63.8807,1.62228,63.5801,0.542539,0.0092,
Hoya,PCD51,1.59349,67.0026,1.59561,66.7452,0.536682,0.0088,
Hoya,BSC7,1.51680,64.1990,1.51872,64.0017,0.534318,0.0015,
Hoya,E-C3,1.51823,58.9616,1.52033,58.6887,0.544215,0.0020,
Hoya,BAC4,1.56883,56.0448,1.57125,55.7767,0.548546,0.0010,
Hoya,BACD5,1.58913,61.2533,1.59142,61.0132,0.540390,0.0022,
Hoya,BACD16,1.62041,60.3446,1.62286,60.1059,0.539477,-0.0003,
Hoya,BACED5,1.65844,50.8552,1.66152,50.5689,0.557569,0.0008,
Hoya,LAC8,1.71300,53.9395,1.71615,53.7183,0.544257,-0.0071,
Hoya,LAC14,1.69680,55.4603,1.69980,55.2473,0.542612,-0.0060,
Hoya,TAC6L,1.75500,52.3184,1.75844,52.0849,0.547451,-0.0068,
Hoya,TAC6,1.75500,52.3235,1.75844,52.0873,0.547386,-0.0069,
Hoya,TAC8P,1.72916,54.5382,1.73235,54.3090,0.545366,-0.0049,
Hoya,TAC8,1.72916,54.6742,1.73234,54.4451,0.545356,-0.0046,
Hoya,E-CF6,1.51742,52.1514,1.51978,51.8544,0.558978,0.0045,
Hoya,E-FEL1,1.54814,45.8213,1.55098,45.5212,0.570051,0.0041,
Hoya,E-FEL2,1.54072,47.2013,1.54344,46.8992,0.567856,0.0044,
Hoya,E-FL5,1.58144,40.8912,1.58481,40.6119,0.576820,0.0020,
Hoya,E-FL6,1.56732,42.8423,1.57046,42.5566,0.574379,0.0031,
Hoya,E-F2,1.62004,36.3011,1.62408,36.0379,0.587309,0.0043,
Hoya,E-F5,1.60342,38.0111,1.60718,37.7423,0.582842,0.0029,
Hoya,E-FD1L,1.71736,29.5012,1.72310,29.2690,0.604054,0.0088,
Hoya,E-FD2,1.64769,33.8410,1.65222,33.5837,0.592448,0.0049,
Hoya,E-FD4L,1.75520,27.5306,1.76167,27.3108,0.609881,0.0111,
Hoya,E-FD5,1.67270,32.1709,1.67764,31.9243,0.596342,0.0059,
Hoya,E-FD8,1.68893,31.1609,1.69415,30.9197,0.599020,0.0067,
Hoya,E-FD80,1.68960,31.1389,1.69483,30.8875,0.603207,0.0108,
Hoya,E-FD10L,1.72825,28.3212,1.73432,28.0966,0.607569,0.0102,
Hoya,E-FD13,1.74077,27.7608,1.74707,27.5428,0.607787,0.0094,
Hoya,E-FD15L,1.69895,30.0508,1.70444,29.8156,0.602832,0.0085,
Hoya,FD60-W,1.80518,25.4568,1.81263,25.2530,0.615738,0.0132,
Hoya,FD60,1.80518,25.4568,1.81263,25.2530,0.615738,0.0132,
Hoya,FD110,1.78472,25.7211,1.79191,25.5118,0.615861,0.0138,
Hoya,FD140,1.76182,26.6094,1.76857,26.3946,0.612347,0.0119,
Hoya,FD225,1.80809,22.7646,1.81643,22.5781,0.628697,0.0213,
Hoya,FD270,1.68430,26.8138,1.69031,26.5734,0.623202,0.0231,
Hoya,FD300,1.62423,30.0502,1.62912,29.7604,0.622849,0.0286,
Hoya,E-FDS1-W,1.92286,20.8807,1.93323,20.7062,0.639016,0.0283,
Hoya,E-FDS1,1.92286,20.8807,1.93323,20.7062,0.639016,0.0283,
Hoya,E-FDS2,2.00272,19.3174,2.01489,19.1605,0.645158,0.0316,
Hoya,E-FDS3-W,2.10420,17.0187,2.11935,16.8759,0.663125,0.0454,
Hoya,FDS16-W,1.98612,16.4841,2.00009,16.3539,0.665595,0.0469,
Hoya,FDS165-W,1.98611,17.2495,1.99947,17.1110,0.660414,0.0431,
Hoya,FDS18-W,1.94594,17.9845,1.95825,17.8389,0.654614,0.0386,
Hoya,FDS18,1.94594,17.9845,1.95825,17.8389,0.654614,0.0386,
Hoya,FDS20-W,1.86966,20.0195,1.87984,19.8544,0.643510,0.0312,
Hoya,FDS24-W,1.92119,23.9565,1.93024,23.7657,0.620267,0.0150,
Hoya,FDS24-SW,1.92119,23.9565,1.93024,23.7657,0.620267,0.0150,
Hoya,FDS90-SGP,1.84666,23.8362,1.85503,23.6480,0.620131,0.0147,
Hoya,FDS90-SG,1.84666,23.7851,1.85505,23.5987,0.619247,0.0137,
Hoya,FF5,1.59270,35.4461,1.59666,35.1672,0.592729,0.0082,
Hoya,FF8,1.75211,25.0479,1.75918,24.8423,0.619256,0.0160,
Hoya,BAFD7,1.70154,41.1495,1.70559,40.8567,0.577051,0.0028,
Hoya,BAFD8,1.72342,37.9946,1.72793,37.7239,0.582040,0.0021,
Hoya,LAF2,1.74400,44.8996,1.74794,44.6274,0.563097,-0.0044,
Hoya,LAF3,1.71700,47.9817,1.72056,47.7253,0.555764,-0.0063,
Hoya,LAF45,1.61396,44.2937,1.61725,44.0549,0.563217,-0.0054,
Hoya,NBF1,1.74330,49.2222,1.74690,48.9899,0.549475,-0.0103,
Hoya,NBFD10,1.83400,37.3455,1.83930,37.0906,0.579097,-0.0021,
Hoya,NBFD11,1.78590,43.9349,1.79015,43.7027,0.561190,-0.0081,
Hoya,NBFD13,1.80610,40.7348,1.81081,40.4929,0.567206,-0.0078,
Hoya,NBFD15-W,1.80610,33.2698,1.81184,33.0303,0.588468,0.0000,
Hoya,NBFD15,1.80610,33.2698,1.81184,33.0303,0.588468,0.0000,
Hoya,NBFD25,1.85451,25.1550,1.86252,24.9702,0.610326,0.0073,
Hoya,NBFD26,1.83401,25.9659,1.84159,25.7754,0.607683,0.0061,
Hoya,NBFD265,1.95203,26.1961,1.96061,25.9937,0.610126,0.0089,
Hoya,NBFD27,1.90110,27.0586,1.90896,26.8518,0.607199,0.0076,
Hoya,NBFD29,1.77047,29.7361,1.77660,29.5253,0.595157,0.0003,
Hoya,NBFD30,1.85883,29.9975,1.86560,29.7731,0.597950,0.0036,
Hoya,NBFD32,1.73037,32.2336,1.73573,32.0048,0.589978,-0.0004,
Hoya,NBFD38,1.65253,39.4806,1.65645,39.2403,0.573195,-0.0041,
Hoya,TAF1,1.77250,49.6249,1.77621,49.3925,0.550396,-0.0086,
Hoya,TAF3D,1.80420,46.5033,1.80831,46.2579,0.557283,-0.0074,
Hoya,TAF48,1.79091,48.0925,1.79482,47.8444,0.554398,-0.0074,
Hoya,TAFD5G,1.83481,42.7220,1.83945,42.4705,0.564787,-0.0067,
Hoya,TAFD25L,1.90366,31.3165,1.91048,31.0813,0.595938,0.0040,
Hoya,TAFD25,1.90366,31.3154,1.91048,31.0809,0.594827,0.0028,
Hoya,TAFD30,1.88300,40.8059,1.88815,40.5614,0.565584,-0.0093,
Hoya,TAFD32,1.87070,40.7291,1.87578,40.4786,0.568268,-0.0068,
Hoya,TAFD33,1.88100,40.1393,1.88622,39.8863,0.570120,-0.0060,
Hoya,TAFD34,1.85033,42.6968,1.85506,42.4418,0.564597,-0.0069,
Hoya,TAFD35L,1.91082,35.2545,1.91694,35.0067,0.583364,-0.0016,
Hoya,TAFD37A,1.90043,37.3729,1.90615,37.1231,0.576696,-0.0044,
Hoya,TAFD40-W,2.00069,25.4587,2.00996,25.2590,0.613659,0.0111,
Hoya,TAFD40,2.00069,25.4587,2.00996,25.2590,0.613659,0.0111,
Hoya,TAFD45L,1.95375,32.3181,1.96074,32.0850,0.589998,-0.0002,
Hoya,TAFD45,1.95375,32.3192,1.96073,32.0849,0.590161,0.0000,
Hoya,TAFD55-W,2.00100,29.1351,2.00912,28.9160,0.599535,0.0036,
Hoya,TAFD55,2.00100,29.1351,2.00912,28.9160,0.599535,0.0036,
Hoya,TAFD65,2.05090,26.9427,2.06011,26.7398,0.605208,0.0053,
Hoya,TAFD75-W,2.10200,23.3856,2.11309,23.2032,0.620298,0.0140,
Hoya,FCD10,1.45650,90.2708,1.45771,89.8383,0.534787,0.0488,
Hoya,FCD505,1.59282,68.6252,1.59489,68.2511,0.544153,0.0192,
Hoya,LBC3N,1.60625,63.7117,1.60852,63.3901,0.544489,0.0108,
Hoya,BACD2,1.60738,56.7146,1.60994,56.4304,0.548187,0.0020,
Hoya,BACD4,1.61272,58.5789,1.61521,58.3062,0.544857,0.0019,
Hoya,BACD11,1.56384,60.8308,1.56605,60.5785,0.540838,0.0019,
Hoya,BACD14,1.60311,60.6953,1.60548,60.4297,0.541073,0.0020,
Hoya,BACD15,1.62299,58.1230,1.62555,57.8733,0.544568,0.0007,
Hoya,BACD18,1.63854,55.4503,1.64129,55.1845,0.547479,-0.0010,
Hoya,LAC7,1.65160,58.4046,1.65426,58.1530,0.539745,-0.0035,
Hoya,LAC9,1.69100,54.6987,1.69401,54.4823,0.541969,-0.0080,
Hoya,LAC10,1.72000,50.3444,1.72341,50.1032,0.550277,-0.0074,
Hoya,LAC12,1.67790,55.5193,1.68081,55.2663,0.545257,-0.0033,
Hoya,LAC13,1.69350,53.3436,1.69660,53.1170,0.545693,-0.0067,
Hoya,LACL60,1.64000,60.2007,1.64254,60.0007,0.536117,-0.0039,
Hoya,E-FEL6,1.53172,48.8414,1.53431,48.5329,0.565599,0.0052,
Hoya,E-F1,1.62588,35.7410,1.63003,35.4815,0.587813,0.0038,
Hoya,E-F3,1.61293,36.9611,1.61686,36.6981,0.585085,0.0032,
Hoya,E-F8,1.59551,39.2211,1.59911,38.9467,0.580432,0.0026,
Hoya,E-FD1,1.71736,29.5009,1.72310,29.2679,0.603544,0.0083,
Hoya,E-FD4,1.75520,27.5308,1.76167,27.3124,0.609141,0.0103,
Hoya,E-FD7,1.63980,34.5710,1.64418,34.3076,0.591754,0.0056,
Hoya,E-FD10,1.72825,28.3208,1.73432,28.0997,0.605914,0.0085,
Hoya,E-FD15,1.69895,30.0509,1.70444,29.8144,0.602914,0.0086,
Hoya,E-FDS3,2.10420,17.0187,2.11935,16.8759,0.663125,0.0454,
Hoya,FDS24,1.92119,23.9565,1.93024,23.7657,0.620267,0.0150,
Hoya,FDS90,1.84666,23.7851,1.85505,23.5987,0.619247,0.0137,
Hoya,TAC2,1.74100,52.6026,1.74436,52.3775,0.544506,-0.0092,
Hoya,TAC4,1.73400,51.0547,1.73742,50.8183,0.550114,-0.0064,
Hoya,BAF10,1.67003,47.1970,1.67340,46.9025,0.564129,0.0008,
Hoya,BAF11,1.66672,48.2979,1.67000,47.9723,0.563552,0.0021,
Hoya,E-ADF10,1.61310,44.3612,1.61639,44.1315,0.560542,-0.0080,
Hoya,E-ADF50,1.65412,39.6211,1.65803,39.3873,0.573752,-0.0033,
Hoya,E-BACD10,1.62280,56.9115,1.62541,56.6253,0.546986,0.0009,
Hoya,E-BACED20,1.64850,53.0314,1.65141,52.7423,0.552145,-0.0008,
Hoya,E-BAF8,1.62374,47.0513,1.62689,46.7664,0.562673,-0.0010,
Hoya,E-LAF7,1.74950,35.0410,1.75456,34.7740,0.590686,0.0054,
Hoya,NBFD3,1.80450,39.6365,1.80932,39.3868,0.571480,-0.0055,
Hoya,NBFD12,1.79950,42.3406,1.80399,42.0918,0.564999,-0.0072,
Hoya,TAF2,1.79450,45.3870,1.79866,45.1466,0.557300,-0.0094,
Hoya,TAF3,1.80420,46.5031,1.80831,46.2597,0.558000,-0.0066,
Hoya,TAF4,1.78800,47.4944,1.79195,47.2593,0.553887,-0.0091,
Hoya,TAF5,1.81600,46.5725,1.82017,46.3219,0.556266,-0.0083,
Hoya,TAFD5F,1.83481,42.7223,1.83945,42.4699,0.565159,-0.0064,
Hoya,TAFD35,1.91082,35.2504,1.91695,35.0066,0.582261,-0.0027,
Hoya,TAFD37,1.90043,37.3710,1.90615,37.1216,0.577212,-0.0039,
Hoya,M-FCD1,1.49710,81.5605,1.49856,81.1570,0.538493,0.0369,1
Hoya,MP-FCD1-M20,1.49690,81.5230,1.49836,81.1153,0.536006,0.0342,1
Hoya,MC-FCD1-M20,1.49690,81.5230,1.49836,81.1153,0.536006,0.0342,1
Hoya,M-FCD500,1.55332,71.6854,1.55516,71.3216,0.540310,0.0211,1
Hoya,MP-FCD500-20,1.55352,71.7191,1.55536,71.3566,0.539823,0.0205,1
Hoya,MC-FCD500-20,1.55352,71.7191,1.55536,71.3566,0.539823,0.0205,1
Hoya,M-PCD4,1.61881,63.8561,1.62112,63.5556,0.541834,0.0083,1
Hoya,MP-PCD4-40,1.61921,63.8556,1.62152,63.5578,0.541844,0.0083,1
Hoya,MC-PCD4-40,1.61921,63.8556,1.62152,63.5578,0.541844,0.0083,1
Hoya,M-PCD51,1.59201,67.0235,1.59412,66.7607,0.535906,0.0081,1
Hoya,MP-PCD51-70,1.59271,66.9732,1.59482,66.7133,0.536769,0.0089,1
Hoya,MC-PCD51-70,1.59271,66.9732,1.59482,66.7133,0.536769,0.0089,1
Hoya,M-PCD55AR,1.63858,55.1803,1.64133,54.8747,0.553218,0.0042,1
Hoya,MP-PCD55AR,1.63858,55.1803,1.64133,54.8747,0.553218,0.0042,1
Hoya,M-BACD5N,1.58913,61.2516,1.59142,61.0347,0.537428,-0.0007,1
Hoya,MP-BACD5N,1.58913,61.2516,1.59142,61.0347,0.537428,-0.0007,1
Hoya,MC-BACD5N,1.58913,61.2516,1.59142,61.0347,0.537428,-0.0007,1
Hoya,M-BACD12,1.58313,59.4616,1.58547,59.2205,0.540570,-0.0008,1
Hoya,MP-BACD12,1.58313,59.4616,1.58547,59.2205,0.540570,-0.0008,1
Hoya,MC-BACD12,1.58313,59.4616,1.58547,59.2205,0.540570,-0.0008,1
Hoya,M-BACD15,1.62263,58.1647,1.62518,57.9558,0.539146,-0.0045,1
Hoya,MP-BACD15,1.62263,58.1647,1.62518,57.9558,0.539146,-0.0045,1
Hoya,M-LAC130,1.69350,53.2014,1.69661,52.9665,0.546629,-0.0059,1
Hoya,MP-LAC130,1.69350,53.2014,1.69661,52.9665,0.546629,-0.0059,1
Hoya,MC-LAC130,1.69350,53.2014,1.69661,52.9665,0.546629,-0.0059,1
Hoya,M-LAC14,1.69680,55.4618,1.69979,55.2422,0.542636,-0.0060,1
Hoya,MP-LAC14-80,1.69760,55.5073,1.70060,55.2875,0.542516,-0.0060,1
Hoya,M-TAC80,1.72903,54.0419,1.73225,53.8063,0.544754,-0.0064,1
Hoya,MP-TAC80-60,1.72963,54.0717,1.73285,53.8382,0.544456,-0.0067,1
Hoya,M-FD80,1.68893,31.1609,1.69415,30.9078,0.603838,0.0116,1
Hoya,MP-FD80,1.68893,31.1609,1.69415,30.9078,0.603838,0.0116,1
Hoya,MC-FD80,1.68893,31.1609,1.69415,30.9078,0.603838,0.0116,1
Hoya,M-FDS2,2.00178,19.3252,2.01394,19.1681,0.644820,0.0313,1
Hoya,MP-FDS2,2.00178,19.3252,2.01394,19.1681,0.644820,0.0313,1
Hoya,MC-FDS2,2.00178,19.3252,2.01394,19.1681,0.644820,0.0313,1
Hoya,M-FDS910,1.82115,24.0586,1.82917,23.8612,0.623764,0.0187,1
Hoya,MP-FDS910-50,1.82165,24.0402,1.82969,23.8430,0.623812,0.0187,1
Hoya,MC-FDS910-50,1.82165,24.0402,1.82969,23.8430,0.623812,0.0187,1
Hoya,M-NBFD10,1.83441,37.2856,1.83972,37.0396,0.577337,-0.0039,1
Hoya,MP-NBFD10-20,1.83461,37.2892,1.83992,37.0375,0.576406,-0.0048,1
Hoya,M-NBFD130,1.80610,40.7311,1.81080,40.4782,0.569416,-0.0056,1
Hoya,MP-NBFD130,1.80610,40.7311,1.81080,40.4782,0.569416,-0.0056,1
Hoya,MC-NBFD130,1.80610,40.7311,1.81080,40.4782,0.569416,-0.0056,1
Hoya,MC-NBFD130L,1.80610,40.7276,1.81080,40.4753,0.569576,-0.0055,1
Hoya,M-TAF31,1.80139,45.4503,1.80558,45.2061,0.558152,-0.0084,1
Hoya,MP-TAF31-15,1.80154,45.4666,1.80573,45.2237,0.558035,-0.0085,1
Hoya,MC-TAF31-15,1.80154,45.4666,1.80573,45.2237,0.558035,-0.0085,1
Hoya,M-TAF101,1.76802,49.2420,1.77173,49.0027,0.551653,-0.0082,1
Hoya,MP-TAF101-100,1.76902,49.2906,1.77273,49.0520,0.551613,-0.0080,1
Hoya,MC-TAF101-100,1.76902,49.2906,1.77273,49.0520,0.551613,-0.0080,1
Hoya,M-TAF105,1.77250,49.5035,1.77622,49.2630,0.551950,-0.0073,1
Hoya,MP-TAF105,1.77250,49.5035,1.77622,49.2630,0.551950,-0.0073,1
Hoya,MC-TAF105,1.77250,49.5035,1.77622,49.2630,0.551950,-0.0073,1
Hoya,MC-TAF115,1.77047,49.4624,1.77418,49.2187,0.552052,-0.0073,1
Hoya,M-TAF401,1.77377,47.1676,1.77767,46.9201,0.555759,-0.0078,1
Hoya,MP-TAF401,1.77377,47.1676,1.77767,46.9201,0.555759,-0.0078,1
Hoya,MC-TAF401,1.77377,47.1676,1.77767,46.9201,0.555759,-0.0078,1
Hoya,M-TAFD51,1.82080,42.7069,1.82537,42.4559,0.564298,-0.0072,1
Hoya,MP-TAFD51-50,1.82130,42.7258,1.82587,42.4741,0.564891,-0.0066,1
Hoya,MC-TAFD51-50,1.82130,42.7258,1.82587,42.4741,0.564891,-0.0066,1
Hoya,M-TAFD305,1.85135,40.1050,1.85639,39.8553,0.569558,-0.0067,1
Hoya,MP-TAFD305,1.85135,40.1050,1.85639,39.8553,0.569558,-0.0067,1
Hoya,MC-TAFD305,1.85135,40.1050,1.85639,39.8553,0.569558,-0.0067,1
Hoya,M-TAFD315,1.85136,40.0695,1.85641,39.8247,0.568807,-0.0074,1
Hoya,MC-TAFD315,1.85136,40.0695,1.85641,39.8247,0.568807,-0.0074,1
Hoya,M-TAFD307,1.88202,37.2218,1.88765,36.9740,0.577003,-0.0044,1
Hoya,MP-TAFD307,1.88202,37.2218,1.88765,36.9740,0.577003,-0.0044,1
Hoya,MC-TAFD307,1.88202,37.2218,1.88765,36.9740,0.577003,-0.0044,1
Hoya,MC-TAFD317,1.88120,37.1697,1.88683,36.9228,0.576822,-0.0047,1
Hoya,M-LAC8,1.71300,53.9389,1.71615,53.7045,0.544743,-0.0066,1
Hoya,MP-LAC8-30,1.71330,53.9510,1.71645,53.7165,0.544771,-0.0064,1
Hoya,M-TAC60,1.75501,51.1581,1.75853,50.9197,0.548576,-0.0078,1
Hoya,MP-TAC60-90,1.75591,51.1758,1.75943,50.9387,0.548314,-0.0079,1
Hoya,M-FDS1,1.92286,20.8817,1.93323,20.7109,0.637033,0.0263,1
Hoya,MP-FDS1,1.92286,20.8817,1.93323,20.7109,0.637033,0.0263,1
Hoya,M-LAF81,1.73077,40.5015,1.73505,40.2485,0.571509,-0.0040,1
Hoya,MP-LAF81,1.73077,40.5015,1.73505,40.2485,0.571509,-0.0040,1
Hoya,M-NBF1,1.74330,49.3265,1.74689,49.0721,0.552751,-0.0068,1
Hoya,MP-NBF1,1.74330,49.3265,1.74689,49.0721,0.552751,-0.0068,1
Hoya,MC-NBF1,1.74330,49.3265,1.74689,49.0721,0.552751,-0.0068,1
Hoya,MC-NBFD135,1.80834,40.9217,1.81303,40.6682,0.568589,-0.0061,1
Hoya,M-TAF1,1.77250,49.4652,1.77622,49.2019,0.554008,-0.0054,1
Hoya,MC-TAF1,1.77250,49.4652,1.77622,49.2019,0.554008,-0.0054,1
Hoya,M-TAFD405,1.95150,29.8299,1.95904,29.6131,0.595613,0.0010,1
Hoya,MP-TAFD405,1.95150,29.8299,1.95904,29.6131,0.595613,0.0010,1
Hikari,J-FK5,1.48749,70.3158,1.48915,70.1332,0.529162,0.0027,
Hikari,J-FK01A,1.49700,81.6409,1.49845,81.2508,0.537163,0.0298,
Hikari,J-FKH1,1.49782,82.5655,1.49926,82.1439,0.538625,0.0327,
Hikari,J-FKH2,1.45600,91.3759,1.45719,90.9521,0.534402,0.0431,
Hikari,J-PKH1,1.51860,69.8898,1.52037,69.6715,0.531847,0.0047,
Hikari,J-PSK02,1.61800,63.3374,1.62033,63.0609,0.541112,0.0031,
Hikari,J-PSK03,1.60300,65.4382,1.60520,65.1659,0.538967,0.0043,
Hikari,J-PSKH1,1.59319,67.9022,1.59527,67.5412,0.544050,0.0135,
Hikari,J-PSKH4,1.59349,67.0007,1.59560,66.7544,0.535809,0.0038,
Hikari,J-PSKH8,1.62846,59.1900,1.63099,58.8250,0.555835,0.0106,
Hikari,J-BK7A,1.51680,64.1294,1.51872,63.9130,0.535672,-0.0010,
Hikari,J-BAK1,1.57250,57.2873,1.57488,57.0070,0.547100,-0.0011,
Hikari,J-BAK2,1.53996,59.5178,1.54212,59.2515,0.543668,-0.0008,
Hikari,J-BAK4,1.56883,55.9987,1.57125,55.7281,0.548537,-0.0020,
Hikari,J-K3,1.51823,58.8185,1.52033,58.5510,0.544989,-0.0008,
Hikari,J-K5,1.52249,59.2093,1.52459,58.9483,0.544010,-0.0010,
Hikari,J-KZFH1,1.61266,44.4637,1.61593,44.2177,0.564142,-0.0058,
Hikari,J-KZFH4,1.55298,55.0773,1.55537,54.8544,0.544754,-0.0073,
Hikari,J-KZFH6,1.68376,37.6476,1.68807,37.3984,0.578348,-0.0030,
Hikari,J-KZFH7,1.73211,46.1849,1.73588,45.9330,0.557795,-0.0091,
Hikari,J-KZFH9,1.73800,32.2654,1.74341,32.0420,0.589577,-0.0006,
Hikari,J-KZFH10,1.78880,28.4222,1.79536,28.2152,0.600604,0.0039,
Hikari,J-KZFH11,1.84934,25.0837,1.85732,24.8960,0.611929,0.0096,
Hikari,J-KF6,1.51742,52.2082,1.51978,51.9304,0.558127,0.0011,
Hikari,J-BALF4,1.57957,53.7421,1.58214,53.4593,0.551971,-0.0023,
Hikari,J-BAF10,1.67003,47.1443,1.67341,46.8560,0.562691,-0.0027,
Hikari,J-BAF11,1.66672,48.3351,1.67000,48.0459,0.560440,-0.0029,
Hikari,J-BASF2,1.66446,35.8738,1.66884,35.6059,0.588896,0.0048,
Hikari,J-BASF6,1.66755,41.8761,1.67133,41.5995,0.575044,0.0010,
Hikari,J-BASF7,1.70154,41.0217,1.70560,40.7385,0.575878,0.0003,
Hikari,J-BASF8,1.72342,38.0367,1.72793,37.7611,0.582950,0.0024,
Hikari,J-SK2,1.60738,56.7405,1.60993,56.4596,0.547562,-0.0016,
Hikari,J-SK4,1.61272,58.5390,1.61522,58.2706,0.544706,-0.0015,
Hikari,J-SK5,1.58913,61.2210,1.59143,60.9746,0.540175,-0.0016,
Hikari,J-SK10,1.62280,57.0998,1.62540,56.8275,0.546347,-0.0022,
Hikari,J-SK11,1.56384,60.7057,1.56606,60.4537,0.541205,-0.0014,
Hikari,J-SK12,1.58313,59.4185,1.58547,59.1619,0.542781,-0.0018,
Hikari,J-SK14,1.60311,60.6963,1.60548,60.4440,0.541197,-0.0014,
Hikari,J-SK15,1.62299,58.1205,1.62555,57.8643,0.543897,-0.0030,
Hikari,J-SK16,1.62041,60.2461,1.62287,60.0089,0.540269,-0.0031,
Hikari,J-SK18,1.63854,55.3452,1.64129,55.0653,0.550382,-0.0013,
Hikari,J-SSK1,1.61720,53.9683,1.61992,53.7055,0.550362,-0.0036,
Hikari,J-SSK5,1.65844,50.8367,1.66152,50.5430,0.557786,-0.0013,
Hikari,J-SSK8,1.61772,49.8161,1.62067,49.5292,0.559744,-0.0012,
Hikari,J-LLF1,1.54814,45.5196,1.55100,45.2308,0.568638,0.0005,
Hikari,J-LLF2,1.54072,46.9724,1.54345,46.6841,0.565679,-0.0001,
Hikari,J-LLF6,1.53172,48.7821,1.53431,48.4947,0.562300,-0.0003,
Hikari,J-LF5,1.58144,40.9827,1.58480,40.7077,0.576377,0.0007,
Hikari,J-LF6,1.56732,42.5794,1.57048,42.2897,0.575223,0.0024,
Hikari,J-LF7,1.57501,41.5157,1.57829,41.2341,0.576372,0.0017,
Hikari,J-F1,1.62588,35.7288,1.63003,35.4659,0.588944,0.0044,
Hikari,J-F2,1.62004,36.3994,1.62407,36.1338,0.587638,0.0045,
Hikari,J-F5,1.60342,38.0359,1.60718,37.7670,0.582961,0.0024,
Hikari,J-F8,1.59551,39.2194,1.59911,38.9451,0.580796,0.0020,
Hikari,J-SF1,1.71736,29.5760,1.72309,29.3432,0.603675,0.0089,
Hikari,J-SF2,1.64769,33.7266,1.65223,33.4711,0.593059,0.0053,
Hikari,J-SF4,1.75520,27.5755,1.76166,27.3566,0.609342,0.0112,
Hikari,J-SF5,1.67270,32.1914,1.67764,31.9415,0.597524,0.0069,
Hikari,J-SF6,1.80518,25.4534,1.81263,25.2496,0.615806,0.0140,
Hikari,J-SF6HS,1.80518,25.4534,1.81263,25.2496,0.615806,0.0140,
Hikari,J-SF7,1.63980,34.5516,1.64418,34.2916,0.591621,0.0051,
Hikari,J-SF8,1.68893,31.1668,1.69415,30.9243,0.599371,0.0072,
Hikari,J-SF10,1.72825,28.3818,1.73430,28.1579,0.606934,0.0101,
Hikari,J-SF11,1.78472,25.6416,1.79193,25.4358,0.615802,0.0144,
Hikari,J-SF13,1.74077,27.7450,1.74707,27.5251,0.608862,0.0110,
Hikari,J-SF14,1.76182,26.5888,1.76857,26.3764,0.612826,0.0130,
Hikari,J-SF15,1.69895,30.1349,1.70443,29.8984,0.602216,0.0083,
Hikari,J-SF03,1.84666,23.8010,1.85503,23.6099,0.621730,0.0171,
Hikari,J-SF03HS,1.84666,23.8010,1.85503,23.6099,0.621730,0.0171,
Hikari,J-SFS3,1.78470,26.2707,1.79174,26.0611,0.613190,0.0128,
Hikari,J-SFH1,1.80809,22.7444,1.81644,22.5571,0.628912,0.0226,
Hikari,J-SFH1HS,1.80809,22.7444,1.81644,22.5571,0.628912,0.0226,
Hikari,J-SFH2,1.86074,23.0830,1.86951,22.8958,0.625990,0.0202,
Hikari,J-SFH4,1.66382,27.3602,1.66952,27.0874,0.632476,0.0334,
Hikari,J-SFH5,1.75575,24.7244,1.76293,24.5049,0.629545,0.0262,
Hikari,J-SFH6,1.71338,26.0475,1.71981,25.8032,0.629914,0.0290,
Hikari,J-SFH8,1.62200,30.6664,1.62677,30.3587,0.624900,0.0319,
Hikari,J-SFH9,1.79631,22.6115,1.80457,22.4021,0.641456,0.0346,
Hikari,J-LAK7,1.65160,58.5717,1.65425,58.3351,0.541682,-0.0045,
Hikari,J-LAK7R,1.65160,58.6218,1.65425,58.3920,0.541057,-0.0051,
Hikari,J-LAK8,1.71300,53.9558,1.71615,53.7288,0.545208,-0.0086,
Hikari,J-LAK10,1.71999,50.2668,1.72340,50.0117,0.552673,-0.0073,
Hikari,J-LAK12,1.67790,55.3475,1.68082,55.0869,0.547049,-0.0045,
Hikari,J-LAK13,1.69350,53.2052,1.69661,52.9598,0.547947,-0.0071,
Hikari,J-LAK14,1.69680,55.5209,1.69979,55.3009,0.543051,-0.0082,
Hikari,J-LAK18,1.72916,54.6114,1.73234,54.3855,0.544293,-0.0085,
Hikari,J-LAK01,1.64000,60.1926,1.64254,59.9868,0.537727,-0.0056,
Hikari,J-LAK09,1.73400,51.5058,1.73740,51.2778,0.548022,-0.0099,
Hikari,J-LAK011,1.74100,52.7654,1.74435,52.5302,0.547152,-0.0086,
Hikari,J-LASKH2,1.75500,52.3348,1.75844,52.0993,0.547612,-0.0090,
Hikari,J-LAF2,1.74400,44.8079,1.74795,44.5425,0.563716,-0.0056,
Hikari,J-LAF3,1.71700,47.9783,1.72056,47.7100,0.558583,-0.0053,
Hikari,J-LAF7,1.74950,35.2536,1.75453,34.9935,0.588305,0.0029,
Hikari,J-LAF01,1.70000,48.1072,1.70346,47.8226,0.560456,-0.0033,
Hikari,J-LAF02,1.72000,43.6166,1.72392,43.3352,0.568450,-0.0029,
Hikari,J-LAF04,1.75700,47.8659,1.76076,47.6219,0.555789,-0.0084,
Hikari,J-LAF05,1.76200,40.1201,1.76651,39.8549,0.572582,-0.0046,
Hikari,J-LAF010,1.74320,49.2569,1.74679,49.0145,0.552585,-0.0092,
Hikari,J-LAF016,1.80100,34.9262,1.80643,34.6820,0.585462,-0.0004,
Hikari,J-LAF016HS,1.80100,34.9262,1.80643,34.6820,0.585462,-0.0004,
Hikari,J-LAFH3,1.79504,28.6949,1.80158,28.4664,0.606650,0.0103,
Hikari,J-LAFH3HS,1.79504,28.6949,1.80158,28.4664,0.606650,0.0103,
Hikari,J-LASF01,1.78590,44.1733,1.79013,43.9218,0.562610,-0.0078,
Hikari,J-LASF02,1.79952,42.0854,1.80403,41.8323,0.566736,-0.0070,
Hikari,J-LASF03,1.80610,40.9781,1.81077,40.7312,0.568908,-0.0068,
Hikari,J-LASF05,1.83481,42.7357,1.83945,42.4821,0.564865,-0.0079,
Hikari,J-LASF05HS,1.83481,42.7357,1.83945,42.4821,0.564865,-0.0079,
Hikari,J-LASF08A,1.88300,40.6939,1.88816,40.4463,0.567380,-0.0088,
Hikari,J-LASF09A,1.81600,46.5963,1.82017,46.3486,0.556651,-0.0096,
Hikari,J-LASF010,1.83400,37.1866,1.83932,36.9440,0.577771,-0.0042,
Hikari,J-LASF013,1.80440,39.6082,1.80922,39.3642,0.572020,-0.0060,
Hikari,J-LASF014,1.78800,47.3541,1.79196,47.1074,0.555987,-0.0090,
Hikari,J-LASF015,1.80400,46.5968,1.80811,46.3445,0.557558,-0.0087,
Hikari,J-LASF015HS,1.80400,46.5968,1.80811,46.3445,0.557558,-0.0087,
Hikari,J-LASF016,1.77250,49.6214,1.77621,49.3801,0.551911,-0.0093,
Hikari,J-LASF017,1.79500,45.3136,1.79917,45.0670,0.559849,-0.0085,
Hikari,J-LASF021,1.85026,32.3541,1.85647,32.1088,0.594725,0.0046,
Hikari,J-LASF021HS,1.85026,32.3541,1.85647,32.1088,0.594725,0.0046,
Hikari,J-LASFH2,1.76684,46.7801,1.77074,46.5351,0.557706,-0.0083,
Hikari,J-LASFH6,1.80610,33.3468,1.81182,33.1030,0.590370,0.0020,
Hikari,J-LASFH9A,1.90265,35.7734,1.90863,35.5276,0.581484,-0.0028,
Hikari,J-LASFH13,1.90366,31.2787,1.91049,31.0441,0.595075,0.0029,
Hikari,J-LASFH13HS,1.90366,31.2787,1.91049,31.0441,0.595075,0.0029,
Hikari,J-LASFH15,1.95000,29.3686,1.95764,29.1451,0.600264,0.0050,
Hikari,J-LASFH15HS,1.95000,29.3686,1.95764,29.1451,0.600264,0.0050,
Hikari,J-LASFH15SS,1.95000,29.3686,1.95764,29.1451,0.600264,0.0050,
Hikari,J-LASFH16,2.00100,29.1264,2.00912,28.9075,0.599671,0.0041,
Hikari,J-LASFH16HS,2.00100,29.1264,2.00912,28.9075,0.599671,0.0041,
Hikari,J-LASFH17,2.00069,25.4592,2.00995,25.2581,0.614163,0.0123,
Hikari,J-LASFH17HS,2.00069,25.4592,2.00995,25.2581,0.614163,0.0123,
Hikari,J-LASFH21,1.95375,32.3384,1.96073,32.1028,0.590657,0.0004,
Hikari,J-LASFH22,1.84850,43.7917,1.85311,43.5367,0.562003,-0.0089,
Hikari,J-LASFH23,1.85000,27.0328,1.85742,26.8189,0.609539,0.0103,
Hikari,J-LASFH24,1.90200,25.2670,1.91041,25.0627,0.616748,0.0146,
Hikari,J-LASFH24HS,1.90200,25.2670,1.91041,25.0627,0.616748,0.0146,
Hikari,Q-FKH1S,1.49731,82.5065,1.49875,82.0865,0.538618,0.0327,1
Hikari,Q-FKH2S,1.45562,91.3088,1.45681,90.8878,0.534309,0.0431,1
Hikari,Q-PSKH1S,1.59255,67.8634,1.59463,67.5027,0.544069,0.0136,1
Hikari,Q-PSKH2S,1.61875,63.7348,1.62107,63.4515,0.541195,0.0038,1
Hikari,Q-PSKH4S,1.59245,66.9229,1.59456,66.6759,0.535886,0.0038,1
Hikari,Q-SK15S,1.62291,58.2970,1.62546,58.0390,0.543903,-0.0027,1
Hikari,Q-SK52S,1.58286,59.5053,1.58520,59.2692,0.540851,-0.0037,1
Hikari,Q-SK55S,1.58887,61.1267,1.59117,60.9023,0.538379,-0.0034,1
Hikari,Q-SF6S,1.80301,25.5361,1.81042,25.3319,0.615372,0.0138,1
Hikari,Q-LAK52S,1.67798,54.8939,1.68092,54.6608,0.544862,-0.0074,1
Hikari,Q-LAK53S,1.69343,53.2966,1.69653,53.0521,0.547540,-0.0074,1
Hikari,Q-LAF010S,1.74300,49.2455,1.74659,48.9915,0.553484,-0.0083,1
Hikari,Q-LAFPH1S,1.74310,49.4379,1.74668,49.1876,0.553104,-0.0084,1
Hikari,Q-LASF03S,1.80604,40.7384,1.81074,40.4855,0.569043,-0.0070,1
Hikari,Q-LASFH11S,1.77387,47.2545,1.77777,47.0070,0.555761,-0.0094,1
Hikari,Q-LASFH12S,1.79063,44.9889,1.79481,44.7388,0.559813,-0.0093,1
Hikari,Q-LASFH58S,1.85108,40.1251,1.85612,39.8813,0.568577,-0.0085,1
Hikari,Q-LASFH59S,1.82098,42.5068,1.82557,42.2529,0.565053,-0.0081,1
Hikari,Q-LASFPH2S,1.76544,46.7506,1.76933,46.5048,0.556559,-0.0095,1
Hikari,Q-LASFPH3S,1.79526,45.2520,1.79944,45.0042,0.558955,-0.0095,1
Schott,BK7G18,1.51975,63.5845,1.52170,63.3648,0.537634,0.0007,
Schott,F2,1.62004,36.3669,1.62408,36.1082,0.582832,0.0002,
Schott,F2G12,1.62072,36.5592,1.62474,36.2971,0.583186,0.0008,
Schott,F2HT,1.62004,36.3669,1.62408,36.1082,0.582832,0.0002,
Schott,F2HTi,1.62004,36.3669,1.62408,36.1082,0.582832,0.0002,
Schott,F5,1.60342,38.0304,1.60718,37.7656,0.579534,-0.0003,
Schott,FK5HTi,1.48748,70.4708,1.48913,70.2905,0.528856,0.0036,
Schott,K10,1.50137,56.4098,1.50349,56.1510,0.547488,-0.0015,
Schott,K5G20,1.52344,56.7602,1.52564,56.4737,0.550055,0.0017,
Schott,LAK9G15,1.69064,54.7624,1.69364,54.5257,0.546230,-0.0055,
Schott,LASF35,2.02204,29.0602,2.03035,28.8444,0.598240,0.0033,
Schott,LF5,1.58144,40.8518,1.58482,40.5748,0.574794,-0.0003,
Schott,LF5G19,1.59655,39.8916,1.60010,39.6012,0.580373,0.0036,
Schott,LF5HTi,1.58144,40.8903,1.58482,40.6137,0.574619,-0.0004,
Schott,LLF1,1.54814,45.7506,1.55099,45.4670,0.566013,-0.0009,
Schott,LLF1HTi,1.54815,45.9007,1.55099,45.6180,0.565648,-0.0010,
Schott,N-BAF10,1.67003,47.1127,1.67341,46.8287,0.562971,-0.0016,
Schott,N-BAF4,1.60568,43.7213,1.60897,43.4317,0.573330,0.0030,
Schott,N-BAF51,1.65224,44.9600,1.65569,44.6735,0.566993,-0.0012,
Schott,N-BAF52,1.60863,46.5980,1.61173,46.3048,0.567889,0.0024,
Schott,N-BAK1,1.57250,57.5500,1.57487,57.2652,0.547234,0.0002,
Schott,N-BAK2,1.53996,59.7093,1.54212,59.4398,0.543764,0.0004,
Schott,N-BAK4,1.56883,55.9765,1.57125,55.7027,0.548711,-0.0010,
Schott,N-BAK4HT,1.56883,55.9765,1.57125,55.7027,0.548711,-0.0010,
Schott,N-BALF4,1.57956,53.8665,1.58212,53.5858,0.552033,-0.0012,
Schott,N-BALF5,1.54739,53.6318,1.54982,53.3634,0.553210,-0.0004,
Schott,N-BASF2,1.66446,36.0011,1.66883,35.7285,0.588995,0.0057,
Schott,N-BASF64,1.70400,39.3849,1.70824,39.1193,0.576958,-0.0006,
Schott,N-BK10,1.49782,66.9552,1.49960,66.7805,0.530385,-0.0008,1
Schott,N-BK7,1.51680,64.1681,1.51872,63.9614,0.534967,-0.0009,1
Schott,N-BK7HT,1.51680,64.1681,1.51872,63.9614,0.534967,-0.0009,
Schott,N-BK7HTi,1.51680,64.1681,1.51872,63.9614,0.534967,-0.0009,
Schott,N-F2,1.62005,36.4314,1.62408,36.1622,0.588140,0.0056,
Schott,N-FK5,1.48749,70.4066,1.48914,70.2253,0.529006,0.0036,1
Schott,N-FK51A,1.48656,84.4690,1.48794,84.0743,0.535937,0.0342,1
Schott,N-FK58,1.45600,90.9011,1.45720,90.4735,0.534705,0.0438,
Schott,N-K5,1.52249,59.4834,1.52458,59.2199,0.543828,0.0000,
Schott,N-KF9,1.52346,51.5411,1.52588,51.2631,0.555793,-0.0014,
Schott,N-KZFS11,1.63775,42.4107,1.64132,42.1992,0.560553,-0.0120,1
Schott,N-KZFS2,1.55836,54.0087,1.56082,53.8302,0.541893,-0.0111,1
Schott,N-KZFS4,1.61336,44.4942,1.61664,44.2714,0.559034,-0.0100,1
Schott,N-KZFS5,1.65412,39.7005,1.65803,39.4629,0.571027,-0.0060,1
Schott,N-KZFS8,1.72047,34.7006,1.72539,34.4673,0.583333,-0.0021,1
Schott,N-LAF2,1.74397,44.8509,1.74791,44.5715,0.565665,-0.0027,
Schott,N-LAF21,1.78800,47.4904,1.79195,47.2487,0.555535,-0.0084,
Schott,N-LAF33,1.78582,44.0525,1.79007,43.8003,0.562663,-0.0071,1
Schott,N-LAF34,1.77250,49.6208,1.77621,49.3794,0.551876,-0.0085,
Schott,N-LAF7,1.74950,34.8204,1.75459,34.5624,0.589484,0.0042,
Schott,N-LAK10,1.72003,50.6228,1.72341,50.3863,0.551516,-0.0072,
Schott,N-LAK12,1.67790,55.2002,1.68083,54.9237,0.548586,-0.0024,
Schott,N-LAK14,1.69680,55.4109,1.69980,55.1946,0.542786,-0.0079,
Schott,N-LAK21,1.64049,60.1026,1.64304,59.8584,0.541093,-0.0017,1
Schott,N-LAK22,1.65113,55.8924,1.65391,55.6273,0.546733,-0.0031,
Schott,N-LAK28,1.74429,50.7715,1.74778,50.5365,0.549896,-0.0085,
Schott,N-LAK33B,1.75500,52.3007,1.75844,52.0689,0.547321,-0.0085,
Schott,N-LAK34,1.72916,54.4999,1.73235,54.2743,0.544318,-0.0079,
Schott,N-LAK7,1.65160,58.5185,1.65425,58.2649,0.543295,-0.0021,
Schott,N-LAK8,1.71300,53.8323,1.71616,53.6107,0.545010,-0.0083,
Schott,N-LAK9,1.69100,54.7091,1.69401,54.4821,0.544697,-0.0071,
Schott,N-LASF31A,1.88300,40.7605,1.88815,40.5154,0.566775,-0.0085,
Schott,N-LASF40,1.83404,37.2961,1.83935,37.0444,0.578686,-0.0024,
Schott,N-LASF41,1.83501,43.1296,1.83961,42.8848,0.562949,-0.0083,
Schott,N-LASF43,1.80610,40.6108,1.81081,40.3620,0.570307,-0.0052,
Schott,N-LASF44,1.80420,46.5012,1.80832,46.2541,0.557246,-0.0084,
Schott,N-LASF45,1.80107,34.9743,1.80650,34.7218,0.585903,0.0009,
Schott,N-LASF46B,1.90366,31.3205,1.91048,31.0862,0.595671,0.0045,1
Schott,N-LASF55,1.95380,30.5604,1.96118,30.3321,0.596182,0.0037,
Schott,N-LASF9,1.85025,32.1705,1.85650,31.9268,0.593472,0.0037,
Schott,N-PK51,1.52855,76.9764,1.53019,76.5813,0.540165,0.0258,
Schott,N-PK52A,1.49700,81.6113,1.49845,81.2119,0.537694,0.0311,
Schott,N-PSK3,1.55232,63.4570,1.55440,63.2336,0.536578,-0.0005,1
Schott,N-PSK53A,1.61800,63.3904,1.62033,63.0975,0.542419,0.0052,1
Schott,N-SF1,1.71736,29.6205,1.72308,29.3866,0.603717,0.0097,
Schott,N-SF10,1.72828,28.5330,1.73430,28.3060,0.606668,0.0108,
Schott,N-SF11,1.78472,25.6803,1.79192,25.4733,0.615689,0.0150,
Schott,N-SF14,1.76182,26.5303,1.76859,26.3182,0.612256,0.0130,
Schott,N-SF15,1.69892,30.2013,1.70438,29.9602,0.603815,0.0108,
Schott,N-SF2,1.64769,33.8206,1.65222,33.5592,0.595076,0.0081,
Schott,N-SF4,1.75513,27.3774,1.76164,27.1588,0.609604,0.0118,
Schott,N-SF5,1.67271,32.2516,1.67763,31.9994,0.598401,0.0088,
Schott,N-SF57,1.84666,23.7802,1.85504,23.5892,0.621671,0.0178,
Schott,N-SF57HT,1.84666,23.7802,1.85504,23.5892,0.621671,0.0178,
Schott,N-SF57HTultra,1.84666,23.7802,1.85504,23.5892,0.621671,0.0178,
Schott,N-SF6,1.80518,25.3601,1.81266,25.1567,0.615801,0.0146,
Schott,N-SF66,1.92286,20.8800,1.93322,20.7032,0.639464,0.0307,
Schott,N-SF6HT,1.80518,25.3601,1.81266,25.1567,0.615801,0.0146,
Schott,N-SF6HTultra,1.80518,25.3601,1.81266,25.1567,0.615801,0.0146,
Schott,N-SF8,1.68894,31.3083,1.69413,31.0629,0.599904,0.0087,
Schott,N-SK11,1.56384,60.7996,1.56605,60.5462,0.541178,-0.0004,
Schott,N-SK14,1.60311,60.5975,1.60548,60.3414,0.541585,-0.0003,
Schott,N-SK16,1.62041,60.3244,1.62286,60.0758,0.541234,-0.0011,
Schott,N-SK2,1.60738,56.6508,1.60994,56.3685,0.547768,-0.0008,
Schott,N-SK2HT,1.60738,56.6508,1.60994,56.3685,0.547768,-0.0008,
Schott,N-SK4,1.61272,58.6350,1.61521,58.3662,0.544795,-0.0004,
Schott,N-SK5,1.58913,61.2675,1.59142,61.0212,0.540080,-0.0007,
Schott,N-SK5HTi,1.58913,61.2675,1.59142,61.0212,0.540080,-0.0007,
Schott,N-SSK2,1.62229,53.2743,1.62508,52.9930,0.552620,-0.0016,
Schott,N-SSK5,1.65844,50.8835,1.66152,50.5927,0.557554,-0.0007,
Schott,N-SSK8,1.61773,49.8298,1.62068,49.5377,0.560202,0.0002,
Schott,N-ZK7A,1.50805,61.0409,1.51004,60.8381,0.536850,-0.0043,
Schott,P-LAF37,1.75550,45.6613,1.75944,45.4157,0.559075,-0.0080,1
Schott,P-LAK35,1.69350,53.2007,1.69661,52.9505,0.548262,-0.0061,1
Schott,P-LASF47,1.80610,40.9004,1.81078,40.6589,0.567122,-0.0079,1
Schott,P-SF68,2.00520,21.0003,2.01643,20.8176,0.639291,0.0308,1
Schott,P-SF69,1.72250,29.2304,1.72833,28.9988,0.605089,0.0104,1
Schott,P-SK57,1.58700,59.6008,1.58935,59.3607,0.541220,-0.0024,1
Schott,P-SK60,1.61035,57.9007,1.61286,57.6629,0.542773,-0.0037,1
Schott,SF1,1.71736,29.5132,1.72311,29.2904,0.598373,0.0042,
Schott,SF10,1.72825,28.4106,1.73430,28.1876,0.604595,0.0085,
Schott,SF11,1.78472,25.7570,1.79190,25.5474,0.614721,0.0142,
Schott,SF2,1.64769,33.8487,1.65222,33.5994,0.588618,0.0017,
Schott,SF3,1.74000,28.1972,1.74620,27.9818,0.602025,0.0056,
Schott,SF4,1.75520,27.5798,1.76167,27.3692,0.603670,0.0062,
Schott,SF5,1.67270,32.2103,1.67764,31.9710,0.591918,0.0023,
Schott,SF56A,1.78470,26.0771,1.79180,25.8735,0.609797,0.0098,
Schott,SF57,1.84666,23.8259,1.85504,23.6418,0.616043,0.0123,1
Schott,SF57HTultra,1.84666,23.8259,1.85504,23.6418,0.616043,0.0123,1
Schott,SF6,1.80518,25.4323,1.81265,25.2366,0.610289,0.0092,
Schott,SF6G05,1.80906,25.2716,1.81661,25.0727,0.612107,0.0105,
Schott,SF6HT,1.80518,25.4323,1.81265,25.2366,0.610289,0.0092,
Schott,N-SSK20,1.62568,50.2005,1.62865,49.9201,0.555292,-0.0041,
Schott,N-BK7HTSultra,1.51680,64.1681,1.51872,63.9614,0.534967,-0.0009,
Schott,RealView 1.9 LW,1.92200,21.4396,1.93211,21.2709,0.629562,0.0218,
Schott,RealView 2.0 ,2.00102,29.1389,2.00913,28.9186,0.599864,0.0050,
Schott,FK3,1.46450,65.7694,1.46619,65.5712,0.532904,-0.0003,
Schott,N-BAF3,1.58272,46.6370,1.58569,46.3490,0.566891,0.0015,
Schott,BAFN6,1.58900,48.4465,1.59189,48.1550,0.562524,0.0002,
Schott,N-KZFS4HT,1.61336,44.4942,1.61664,44.2714,0.559034,-0.0100,
Schott,N-PSK53,1.62014,63.4812,1.62247,63.1885,0.542360,0.0053,
Schott,N-SK10,1.62278,56.9830,1.62539,56.7024,0.547478,-0.0005,
Schott,N-SK15,1.62296,58.0199,1.62552,57.7499,0.545356,-0.0009,
Schott,KZFSN5,1.65412,39.6278,1.65803,39.4010,0.570047,-0.0071,
Schott,N-SF19,1.66679,33.1222,1.67154,32.8618,0.597643,0.0095,
Schott,KZFS12,1.69600,36.2900,1.70055,36.0643,0.577801,-0.0050,
Schott,N-SF64,1.70591,30.2320,1.71142,29.9922,0.602844,0.0099,
Schott,N-LAF3,1.71700,47.9617,1.72055,47.6809,0.560349,-0.0028,
Schott,N-LAK33A,1.75393,52.2714,1.75737,52.0400,0.547328,-0.0086,
Schott,N-SF56,1.78470,26.0956,1.79179,25.8861,0.613907,0.0140,
Schott,N-LAF36,1.79952,42.3686,1.80400,42.1161,0.565900,-0.0067,
Schott,N-LASF45HT,1.80107,34.9743,1.80650,34.7218,0.585903,0.0009,
Schott,SFL6,1.80518,25.3942,1.81265,25.1903,0.615894,0.0148,
Schott,SFL57,1.84666,23.6229,1.85510,23.4344,0.621844,0.0177,
Schott,SF57HT,1.84666,23.8259,1.85504,23.6418,0.616043,0.0123,
Schott,N-LASF9HT,1.85025,32.1705,1.85650,31.9268,0.593472,0.0037,
Schott,N-LASF46A,1.90366,31.3204,1.91048,31.0878,0.595392,0.0042,
Schott,N-ZK7,1.50847,61.1885,1.51045,60.9824,0.537021,-0.0039,
Schott,K7,1.51112,60.4069,1.51314,60.1509,0.542259,0.0000,
Schott,P-BK7,1.51640,64.0608,1.51832,63.8715,0.533539,-0.0025,1
Schott,P-LASF50,1.80860,40.4610,1.81335,40.2199,0.568004,-0.0078,1
Schott,P-LASF51,1.81000,40.9255,1.81470,40.6835,0.567014,-0.0080,1
Schott,P-SF8,1.68893,31.2505,1.69414,31.0077,0.599163,0.0079,1
Schott,P-SK58A,1.58913,61.1505,1.59143,60.9254,0.538641,-0.0023,1
Schott,P-PK53,1.52690,66.2207,1.52880,65.9192,0.540883,0.0084,1
Schott,P-SK57Q1,1.58600,59.5007,1.58835,59.2604,0.541405,-0.0024,1
Schott,P-SF67,1.90680,21.4003,1.91675,21.2257,0.633472,0.0256,1
Schott,LAFN7,1.74950,34.9510,1.75458,34.7168,0.582579,-0.0025,
Schott,LF5G15,1.58397,40.8337,1.58736,40.5523,0.575934,0.0008,
Schott,N-LAF35,1.74330,49.4000,1.74688,49.1577,0.552360,-0.0084,
CDGM,H-FK55,1.55020,75.2256,1.55195,74.8424,0.540586,0.0229,
CDGM,H-FK61,1.49700,81.6138,1.49845,81.2114,0.538051,0.0312,
CDGM,H-FK61B,1.49700,81.6064,1.49845,81.2088,0.537757,0.0310,
CDGM,H-FK71,1.45650,90.2749,1.45771,89.8481,0.535023,0.0429,
CDGM,H-FK95N,1.43780,94.5245,1.43891,94.0870,0.533565,0.0487,
CDGM,H-QK1,1.47047,66.8768,1.47215,66.6826,0.532363,0.0005,
CDGM,H-QK3L,1.48749,70.4413,1.48914,70.2566,0.529346,0.0035,
CDGM,H-K1,1.49967,62.0727,1.50159,61.8189,0.540629,0.0006,
CDGM,H-K2,1.50047,66.0215,1.50228,65.8321,0.532263,-0.0010,
CDGM,H-K3,1.50463,64.7215,1.50649,64.5396,0.532943,-0.0025,
CDGM,K4A,1.50802,61.0536,1.51000,60.8389,0.538856,-0.0028,
CDGM,H-K5,1.51007,63.3653,1.51199,63.1370,0.538207,0.0012,
CDGM,H-K6,1.51113,60.4796,1.51314,60.2253,0.543316,0.0000,
CDGM,H-K7,1.51478,60.6356,1.51680,60.3744,0.542532,0.0001,
CDGM,H-K8,1.51602,56.7955,1.51819,56.5310,0.546643,-0.0024,
CDGM,H-K9L,1.51680,64.1995,1.51872,63.9819,0.535865,-0.0005,
CDGM,H-K9LGT,1.51680,64.1995,1.51872,63.9819,0.535865,-0.0005,
CDGM,H-K9L*,1.51680,64.1995,1.51872,63.9819,0.535865,-0.0005,
CDGM,H-K9LA,1.51680,64.1994,1.51872,63.9924,0.535021,-0.0013,
CDGM,H-K10,1.51818,58.9500,1.52028,58.6801,0.545257,0.0000,
CDGM,H-K11,1.52638,60.1581,1.52847,59.8858,0.543855,0.0005,
CDGM,H-K12,1.53359,55.4706,1.53588,55.1947,0.548998,-0.0023,
CDGM,H-K50,1.52249,59.4815,1.52458,59.2189,0.544050,-0.0003,
CDGM,H-K51,1.52307,58.6405,1.52520,58.3687,0.545138,-0.0007,
CDGM,H-ZPK1A,1.61800,63.3935,1.62033,63.0881,0.543257,0.0054,
CDGM,H-ZPK2A,1.60300,65.4604,1.60520,65.1810,0.540690,0.0065,
CDGM,H-ZPK3,1.59349,67.2862,1.59560,67.0268,0.536790,0.0057,
CDGM,H-ZPK5,1.59280,68.3428,1.59487,67.9689,0.544742,0.0154,
CDGM,H-ZPK7,1.56907,71.3051,1.57097,70.9065,0.544333,0.0200,
CDGM,H-BaK1,1.53028,60.4669,1.53237,60.2023,0.542828,0.0000,
CDGM,H-BaK2,1.53996,59.7249,1.54212,59.4512,0.544496,0.0004,
CDGM,H-BaK3,1.54678,62.7768,1.54886,62.5506,0.537422,-0.0014,
CDGM,H-BaK4,1.55248,63.3662,1.55456,63.1410,0.536861,-0.0009,
CDGM,H-BaK5,1.56069,58.3454,1.56298,58.0700,0.545690,-0.0007,
CDGM,H-BaK6,1.56388,60.7655,1.56609,60.5100,0.541576,-0.0006,
CDGM,H-BaK7,1.56883,56.0420,1.57125,55.7613,0.549610,-0.0007,
CDGM,H-BaK7GT,1.56883,56.0420,1.57125,55.7613,0.549610,-0.0007,
CDGM,H-BaK7A,1.56883,56.1285,1.57124,55.8653,0.548240,-0.0026,
CDGM,H-BaK8,1.57250,57.4875,1.57487,57.2067,0.546959,-0.0010,
CDGM,H-ZK1,1.56888,62.9577,1.57104,62.7328,0.537431,-0.0011,
CDGM,H-ZK2,1.58313,59.4608,1.58547,59.2028,0.542915,-0.0016,
CDGM,H-ZK3,1.58913,61.2543,1.59142,61.0096,0.539830,-0.0017,
CDGM,H-ZK3A,1.58913,61.2538,1.59142,61.0077,0.540186,-0.0013,
CDGM,H-ZK4,1.60881,58.8567,1.61128,58.5847,0.544472,-0.0010,
CDGM,H-ZK5,1.61117,55.7731,1.61378,55.4806,0.549727,-0.0010,
CDGM,H-ZK6,1.61272,58.5778,1.61521,58.3063,0.545076,-0.0008,
CDGM,H-ZK7A,1.61309,60.3566,1.61551,60.1106,0.541051,-0.0019,
CDGM,H-ZK7,1.61309,60.6151,1.61551,60.3655,0.540100,-0.0041,
CDGM,H-ZK8,1.61405,55.1169,1.61670,54.8155,0.551872,0.0000,
CDGM,H-ZK9B,1.62041,60.3401,1.62286,60.0913,0.541371,-0.0016,
CDGM,H-ZK9A,1.62041,60.3690,1.62286,60.1355,0.540233,-0.0031,
CDGM,H-ZK10,1.62210,56.7105,1.62471,56.4343,0.547363,-0.0018,
CDGM,H-ZK10L,1.62280,56.9142,1.62541,56.6347,0.547737,-0.0011,
CDGM,H-ZK11,1.63854,55.4472,1.64128,55.1701,0.550052,-0.0013,
CDGM,H-ZK14,1.60311,60.6045,1.60548,60.3498,0.541498,-0.0011,
CDGM,H-ZK20,1.61720,53.9144,1.61993,53.6109,0.553132,-0.0009,
CDGM,H-ZK21,1.62299,58.1214,1.62555,57.8615,0.544428,-0.0024,
CDGM,H-ZK50,1.60738,56.6552,1.60994,56.3693,0.548228,-0.0010,
CDGM,H-ZK50GT,1.60738,56.6552,1.60994,56.3693,0.548228,-0.0010,
CDGM,H-LaK1,1.65950,57.3479,1.66224,57.0780,0.545940,-0.0021,
CDGM,H-LaK2A,1.69211,54.5398,1.69513,54.2757,0.548035,-0.0048,
CDGM,H-LaK3,1.74693,50.9507,1.75042,50.7088,0.550417,-0.0085,
CDGM,H-LaK4L,1.64000,60.2035,1.64254,60.0058,0.537205,-0.0060,
CDGM,H-LaK5A,1.67790,55.5156,1.68081,55.2599,0.546244,-0.0049,
CDGM,H-LaK6A,1.69350,53.3811,1.69660,53.1536,0.546676,-0.0082,
CDGM,H-LaK7A,1.71300,53.8336,1.71616,53.6096,0.545215,-0.0088,
CDGM,H-LaK8B,1.72000,50.2813,1.72341,50.0214,0.553355,-0.0068,
CDGM,H-LaK8A,1.72000,50.3445,1.72341,50.1095,0.551452,-0.0086,
CDGM,H-LaK10,1.65113,55.8915,1.65391,55.6197,0.547553,-0.0030,
CDGM,H-LaK11,1.66461,54.6129,1.66751,54.3311,0.550244,-0.0025,
CDGM,H-LaK12,1.69680,56.1760,1.69976,55.9516,0.542971,-0.0071,
CDGM,H-LaK50A,1.65160,58.4037,1.65426,58.1767,0.541245,-0.0050,
CDGM,H-LaK51A,1.69680,55.5270,1.69979,55.2973,0.544215,-0.0070,
CDGM,H-LaK52,1.72916,54.6854,1.73234,54.4550,0.544859,-0.0078,
CDGM,H-LaK53B,1.75500,52.3227,1.75844,52.0886,0.547597,-0.0091,
CDGM,H-LaK53A,1.75500,52.3212,1.75844,52.0850,0.547862,-0.0087,
CDGM,H-LaK54,1.73400,51.4864,1.73740,51.2475,0.549424,-0.0086,
CDGM,H-LaK59A,1.69100,54.8160,1.69400,54.5579,0.547186,-0.0052,
CDGM,H-LaK61,1.74100,52.6768,1.74435,52.4456,0.547088,-0.0096,
CDGM,H-LaK67,1.67000,51.7391,1.67308,51.4618,0.553086,-0.0045,
CDGM,H-LaK71,1.70300,52.4074,1.70620,52.1501,0.549494,-0.0069,
CDGM,H-LaK72,1.71300,51.8073,1.71628,51.5251,0.553039,-0.0045,
CDGM,H-TK9,1.62075,60.3016,1.62320,59.9258,0.554749,0.0118,
CDGM,H-KF6,1.51742,52.1499,1.51978,51.8660,0.559123,0.0022,
CDGM,H-QF1,1.54814,45.8206,1.55098,45.5266,0.568901,0.0012,
CDGM,QF1,1.54810,45.8868,1.55093,45.5844,0.569670,0.0013,
CDGM,H-QF3,1.57501,41.5052,1.57829,41.2179,0.577543,0.0025,
CDGM,QF3,1.57503,41.2974,1.57833,41.0261,0.573572,-0.0010,
CDGM,QF5,1.58215,42.0401,1.58544,41.7691,0.573241,-0.0014,
CDGM,H-QF6A,1.53172,48.8404,1.53431,48.5352,0.566241,0.0037,
CDGM,QF6,1.53172,48.7562,1.53431,48.4768,0.560271,-0.0024,
CDGM,H-QF8,1.54072,47.2306,1.54344,46.9375,0.565574,0.0002,
CDGM,QF8,1.54072,47.1988,1.54344,46.9202,0.562966,-0.0032,
CDGM,H-QF14,1.59551,39.2232,1.59911,38.9474,0.581115,0.0021,
CDGM,H-QF50,1.58144,40.8895,1.58481,40.6088,0.577389,0.0013,
CDGM,H-QF50A,1.58144,40.7469,1.58482,40.4672,0.577785,0.0014,
CDGM,QF50,1.58144,40.8865,1.58481,40.6125,0.574302,-0.0018,
CDGM,H-QF56,1.56732,42.8106,1.57046,42.5142,0.575682,0.0028,
CDGM,H-F1,1.60342,38.0113,1.60718,37.7393,0.583626,0.0027,
CDGM,F1,1.60342,38.0153,1.60718,37.7519,0.578925,-0.0022,
CDGM,H-F2,1.61293,37.0049,1.61685,36.7346,0.586712,0.0040,
CDGM,F2,1.61293,36.9865,1.61686,36.7246,0.581974,-0.0014,
CDGM,H-F3,1.61659,36.6521,1.62057,36.3810,0.587672,0.0044,
CDGM,F3,1.61659,36.6278,1.62058,36.3714,0.581383,-0.0026,
CDGM,H-F4,1.62005,36.3463,1.62409,36.0770,0.588546,0.0047,
CDGM,F4,1.62005,36.3572,1.62409,36.0954,0.583733,0.0000,
CDGM,H-F5,1.62435,35.9239,1.62846,35.6562,0.589199,0.0046,
CDGM,F5,1.62435,35.9389,1.62847,35.6840,0.582336,-0.0034,
CDGM,H-F6,1.62495,35.5856,1.62911,35.3205,0.589789,0.0047,
CDGM,F6,1.62495,35.5783,1.62912,35.3197,0.584774,-0.0011,
CDGM,F7,1.63636,35.3866,1.64063,35.1376,0.583837,-0.0033,
CDGM,H-F13,1.62588,35.6994,1.63003,35.4347,0.589498,0.0046,
CDGM,F13,1.62588,35.7141,1.63004,35.4583,0.584820,-0.0009,
CDGM,H-F51,1.63980,34.4650,1.64419,34.2030,0.592463,0.0054,
CDGM,H-F52,1.61385,34.6051,1.61804,34.3321,0.595058,0.0082,
CDGM,H-BaF2,1.56970,49.4532,1.57244,49.1582,0.561638,0.0002,
CDGM,H-BaF3,1.57957,53.7123,1.58214,53.4229,0.553135,-0.0010,
CDGM,H-BaF4,1.58267,46.5984,1.58564,46.3002,0.566891,0.0005,
CDGM,BaF4,1.58271,46.5065,1.58569,46.2079,0.567774,0.0007,
CDGM,H-BaF5,1.60562,43.8762,1.60890,43.5847,0.572294,0.0013,
CDGM,H-BaF6,1.60801,46.2030,1.61114,45.9033,0.568084,0.0010,
CDGM,H-BaF7,1.61413,39.9858,1.61777,39.7045,0.579163,0.0015,
CDGM,BaF7,1.61413,40.0262,1.61777,39.7458,0.576673,0.0001,
CDGM,H-BaF8,1.62604,39.0721,1.62984,38.7920,0.581141,0.0019,
CDGM,H-ZBaF1,1.62230,53.1715,1.62509,52.8793,0.554304,-0.0009,
CDGM,ZBaF2,1.63962,48.2310,1.64277,47.9416,0.561615,-0.0020,
CDGM,H-ZBaF3,1.65691,51.1220,1.65997,50.8242,0.558082,-0.0006,
CDGM,H-ZBaF4,1.66426,35.4847,1.66869,35.2171,0.589531,0.0042,
CDGM,H-ZBaF5,1.67103,47.2895,1.67440,46.9957,0.563144,-0.0020,
CDGM,H-ZBaF16,1.66672,48.4223,1.67000,48.1303,0.560757,-0.0026,
CDGM,ZBaF17,1.66755,41.9577,1.67133,41.6715,0.574187,-0.0014,
CDGM,H-ZBaF20,1.70154,41.1490,1.70558,40.8632,0.576064,0.0004,
CDGM,H-ZBaF21,1.72341,37.9920,1.72792,37.7126,0.583788,0.0028,
CDGM,H-ZBaF50,1.65844,50.8529,1.66152,50.5612,0.557836,-0.0013,
CDGM,ZBaF51,1.68273,44.5291,1.68637,44.2370,0.570801,0.0004,
CDGM,H-ZBaF52,1.67003,47.1956,1.67341,46.9027,0.563329,-0.0020,
CDGM,H-ZF1,1.64769,33.8407,1.65222,33.5839,0.592996,0.0049,
CDGM,H-ZF1A,1.64769,33.8884,1.65221,33.6287,0.593918,0.0058,
CDGM,ZF1,1.64769,33.8373,1.65222,33.5878,0.588839,0.0006,
CDGM,H-ZF2,1.67270,32.1716,1.67764,31.9197,0.598263,0.0073,
CDGM,ZF2,1.67271,32.1814,1.67766,31.9485,0.590596,-0.0014,
CDGM,H-ZF3,1.71736,29.4995,1.72310,29.2647,0.604762,0.0093,
CDGM,ZF3,1.71736,29.5108,1.72311,29.2871,0.597544,0.0012,
CDGM,H-ZF4A,1.72825,28.3192,1.73432,28.0926,0.608168,0.0107,
CDGM,H-ZF4AGT,1.72825,28.3192,1.73432,28.0926,0.608168,0.0107,
CDGM,ZF4,1.72825,28.3243,1.73433,28.1054,0.603715,0.0064,
CDGM,H-ZF5,1.74000,28.2960,1.74617,28.0702,0.607931,0.0104,
CDGM,ZF5,1.74000,28.2454,1.74619,28.0292,0.601707,0.0039,
CDGM,H-ZF6,1.75520,27.5304,1.76167,27.3085,0.609956,0.0111,
CDGM,ZF6,1.75521,27.5466,1.76168,27.3385,0.602222,0.0020,
CDGM,H-ZF7LA,1.80518,25.4566,1.81263,25.2536,0.615122,0.0127,
CDGM,H-ZF7LAGT,1.80518,25.4566,1.81263,25.2536,0.615122,0.0127,
CDGM,ZF7,1.80628,25.3805,1.81377,25.1849,0.610395,0.0073,
CDGM,ZF7L,1.80519,25.4716,1.81265,25.2761,0.610142,0.0074,
CDGM,ZF7LGT,1.80519,25.4716,1.81265,25.2761,0.610142,0.0074,
CDGM,ZF7LTT,1.80519,25.4716,1.81265,25.2761,0.610142,0.0074,
CDGM,ZF8,1.65446,33.6516,1.65907,33.4062,0.588259,-0.0001,
CDGM,H-ZF10,1.68893,31.1610,1.69415,30.9164,0.600065,0.0074,
CDGM,ZF10,1.68893,31.1851,1.69416,30.9559,0.592740,-0.0002,
CDGM,H-ZF11,1.69894,30.0508,1.70443,29.8135,0.602959,0.0084,
CDGM,ZF11,1.69895,30.0661,1.70444,29.8336,0.599257,0.0048,
CDGM,H-ZF12,1.76182,26.6083,1.76857,26.3926,0.613253,0.0128,
CDGM,ZF12,1.76182,26.5560,1.76860,26.3502,0.606787,0.0066,
CDGM,H-ZF13,1.78472,25.7204,1.79191,25.5122,0.615770,0.0138,
CDGM,H-ZF13GT,1.78472,25.7204,1.79191,25.5122,0.615770,0.0138,
CDGM,ZF13,1.78472,25.7544,1.79192,25.5537,0.609519,0.0080,
CDGM,H-ZF39,1.66680,33.0541,1.67157,32.7990,0.595541,0.0061,
CDGM,H-ZF50,1.74077,27.7604,1.74706,27.5392,0.609433,0.0109,
CDGM,ZF50,1.74077,27.7682,1.74708,27.5558,0.603253,0.0050,
CDGM,ZF51,1.78470,26.0762,1.79181,25.8783,0.606025,0.0052,
CDGM,H-ZF52,1.84666,23.7848,1.85504,23.5949,0.620776,0.0155,
CDGM,H-ZF52GT,1.84666,23.7848,1.85504,23.5949,0.620776,0.0155,
CDGM,H-ZF52TT,1.84666,23.7848,1.85504,23.5949,0.620776,0.0155,
CDGM,H-ZF52A,1.84667,23.7915,1.85505,23.6059,0.620517,0.0151,
CDGM,ZF52,1.84667,23.8279,1.85504,23.6416,0.619001,0.0140,
CDGM,H-ZF62,1.92286,20.8802,1.93322,20.7023,0.639933,0.0298,
CDGM,H-ZF62GT,1.92286,20.8802,1.93322,20.7023,0.639933,0.0298,
CDGM,H-ZF71,1.80810,22.6984,1.81646,22.5098,0.629529,0.0224,
CDGM,H-ZF71GT,1.80810,22.6984,1.81646,22.5098,0.629529,0.0224,
CDGM,H-ZF72A,1.92286,18.8961,1.93429,18.7392,0.649913,0.0363,
CDGM,H-ZF72AGT,1.92286,18.8961,1.93429,18.7392,0.649913,0.0363,
CDGM,H-ZF73,1.95906,17.4727,1.97189,17.3299,0.658634,0.0426,
CDGM,H-ZF73GT,1.95906,17.4727,1.97189,17.3299,0.658634,0.0426,
CDGM,H-ZF88,1.94595,17.9422,1.95828,17.7954,0.655239,0.0401,
CDGM,H-ZF88GT,1.94595,17.9422,1.95828,17.7954,0.655239,0.0401,
CDGM,H-LaF1,1.69362,49.1944,1.69697,48.9092,0.559172,-0.0028,
CDGM,H-LaF2,1.71700,47.8892,1.72056,47.6026,0.560638,-0.0035,
CDGM,H-LaF3B,1.74400,44.9006,1.74794,44.6162,0.565143,-0.0041,
CDGM,H-LaF4,1.74950,34.9897,1.75457,34.7258,0.589289,0.0031,
CDGM,H-LaF4GT,1.74950,34.9897,1.75457,34.7258,0.589289,0.0031,
CDGM,H-LaFL5,1.75367,37.4921,1.75843,37.2295,0.581924,0.0001,
CDGM,H-LaF6LA,1.75700,47.7124,1.76078,47.4698,0.555680,-0.0088,
CDGM,H-LaF7,1.78179,37.0926,1.78679,36.8319,0.581700,-0.0009,
CDGM,H-LaF10LA,1.78800,47.4923,1.79195,47.2511,0.555147,-0.0097,
CDGM,H-LaF50B,1.77250,49.5996,1.77621,49.3604,0.551662,-0.0096,
CDGM,H-LaF51,1.70000,48.0804,1.70346,47.7954,0.561365,-0.0024,
CDGM,H-LaF52,1.78590,44.1877,1.79013,43.9363,0.562245,-0.0083,
CDGM,H-LaF53,1.74330,49.2224,1.74690,48.9782,0.552947,-0.0090,
CDGM,H-LaF54,1.79952,42.2538,1.80401,42.0059,0.567804,-0.0064,
CDGM,H-LaF55,1.76200,40.1060,1.76651,39.8323,0.574768,-0.0027,
CDGM,H-LaF62,1.72000,43.6813,1.72392,43.3976,0.568656,-0.0027,
CDGM,H-ZLaF1,1.80166,44.2640,1.80597,44.0129,0.562587,-0.0078,
CDGM,H-ZLaF2A,1.80279,46.7619,1.80688,46.5128,0.557282,-0.0089,
CDGM,H-ZLaF3,1.85545,36.5985,1.86099,36.3563,0.579218,-0.0053,
CDGM,H-ZLaF4LA,1.91082,35.2508,1.91694,35.0034,0.583268,-0.0024,
CDGM,H-ZLaF4LB,1.91082,35.2828,1.91694,35.0346,0.583432,-0.0022,
CDGM,H-ZLaF50E,1.80400,46.5750,1.80811,46.3233,0.557574,-0.0088,
CDGM,H-ZLaF50D,1.80400,46.5756,1.80811,46.3267,0.557376,-0.0090,
CDGM,H-ZLaF51,1.80450,39.6357,1.80932,39.3808,0.573253,-0.0050,
CDGM,H-ZLaF52A,1.80610,41.0174,1.81077,40.7616,0.569224,-0.0067,
CDGM,H-ZLaF52,1.80610,40.9459,1.81077,40.6910,0.570702,-0.0050,
CDGM,H-ZLaF53B,1.83400,37.2110,1.83932,36.9592,0.578361,-0.0040,
CDGM,H-ZLaF53BGT,1.83400,37.2110,1.83932,36.9592,0.578361,-0.0040,
CDGM,H-ZLaF55D,1.83481,42.7257,1.83946,42.4772,0.564354,-0.0086,
CDGM,H-ZLaF55C,1.83481,42.7121,1.83946,42.4612,0.564860,-0.0081,
CDGM,H-ZLaF56B,1.80610,33.2687,1.81183,33.0196,0.592456,0.0034,
CDGM,H-ZLaF66,1.80100,34.9674,1.80642,34.7107,0.587737,0.0016,
CDGM,H-ZLaF66GT,1.80100,34.9674,1.80642,34.7107,0.587737,0.0016,
CDGM,H-ZLaF68C,1.88300,40.8480,1.88814,40.5941,0.567733,-0.0084,
CDGM,H-ZLaF68N,1.88300,39.2187,1.88835,38.9651,0.572896,-0.0060,
CDGM,H-ZLaF68NB,1.88300,39.2360,1.88834,38.9825,0.572600,-0.0063,
CDGM,H-ZLaF68B,1.88300,40.8074,1.88814,40.5589,0.569499,-0.0067,
CDGM,H-ZLaF69,1.81600,46.5499,1.82017,46.2994,0.556986,-0.0095,
CDGM,H-ZLaF69A,1.81600,46.5566,1.82017,46.3034,0.557499,-0.0089,
CDGM,H-ZLaF71,1.85026,32.2977,1.85649,32.0599,0.593123,0.0024,
CDGM,H-ZLaF71AGT,1.85026,32.2172,1.85650,31.9728,0.593798,0.0029,
CDGM,H-ZLaF73,1.88100,40.1618,1.88621,39.9102,0.569361,-0.0080,
CDGM,H-ZLaF75A,1.90366,31.3154,1.91048,31.0820,0.595307,0.0029,
CDGM,H-ZLaF75B,1.90366,31.4188,1.91046,31.1869,0.594325,0.0021,
CDGM,H-ZLaF75C,1.90366,31.3575,1.91047,31.1208,0.595687,0.0034,
CDGM,H-ZLaF76,1.85013,30.0559,1.85681,29.8294,0.600102,0.0056,
CDGM,H-ZLaF76A,1.85013,30.0127,1.85682,29.7804,0.599846,0.0052,
CDGM,H-ZLaF78B,1.90069,37.0510,1.90646,36.8017,0.578059,-0.0046,
CDGM,H-ZLaF89L,1.95375,32.3092,1.96074,32.0741,0.590685,-0.0001,
CDGM,H-ZLaF89LA,1.95375,32.2766,1.96074,32.0424,0.590648,-0.0001,
CDGM,H-ZLaF90,2.00069,25.4261,2.00996,25.2242,0.614181,0.0117,
CDGM,H-ZLaF90A,2.00069,25.4584,2.00995,25.2569,0.613980,0.0117,
CDGM,H-ZLaF91,2.00100,29.1517,2.00911,28.9313,0.600046,0.0039,
CDGM,H-ZLaF92,2.00330,28.3167,2.01167,28.1001,0.603239,0.0057,
CDGM,H-ZLaF92A,2.00330,28.2763,2.01168,28.0604,0.603246,0.0057,
CDGM,H-ZLaF96,2.05090,26.9862,2.06009,26.7811,0.605835,0.0061,
CDGM,H-TF3L,1.61340,44.1076,1.61670,43.8542,0.565681,-0.0050,
CDGM,TF3,1.61242,44.0940,1.61572,43.8648,0.563232,-0.0073,
CDGM,H-TF5,1.65410,39.5399,1.65803,39.3031,0.572528,-0.0059,
CDGM,H-TF29,1.77047,29.8064,1.77658,29.5940,0.595771,0.0008,
CDGM,D-FK61,1.49700,81.6126,1.49845,81.1938,0.538959,0.0322,1
CDGM,D-FK61-25,1.49653,81.5327,1.49798,81.1147,0.538946,0.0321,1
CDGM,D-FK61A,1.49700,81.6064,1.49845,81.2088,0.537757,0.0310,1
CDGM,D-FK61A-25,1.49665,81.5501,1.49810,81.1530,0.537756,0.0309,1
CDGM,D-FK95,1.43780,94.5245,1.43891,94.0870,0.533565,0.0487,1
CDGM,D-FK95-25,1.43744,94.4399,1.43855,94.0038,0.533510,0.0486,1
CDGM,D-QK3L,1.48749,70.4413,1.48914,70.2566,0.529346,0.0035,1
CDGM,D-QK3L-25,1.48687,70.4179,1.48852,70.2361,0.529081,0.0033,1
CDGM,D-K9,1.51633,64.0597,1.51825,63.8654,0.533797,-0.0027,1
CDGM,D-K9-25,1.51577,63.9904,1.51769,63.7964,0.533805,-0.0029,1
CDGM,D-K9GT,1.51633,64.0597,1.51825,63.8654,0.533797,-0.0027,1
CDGM,D-K9GT-25,1.51577,63.9904,1.51769,63.7964,0.533805,-0.0029,1
CDGM,D-K59,1.51760,63.5007,1.51954,63.3016,0.535022,-0.0025,1
CDGM,D-K59-25,1.51698,63.4092,1.51893,63.2120,0.534780,-0.0029,1
CDGM,D-PK3,1.52500,70.3714,1.52678,70.1664,0.530741,0.0048,1
CDGM,D-PK3-25,1.52368,70.2757,1.52546,70.0704,0.530836,0.0047,1
CDGM,D-ZPK1A,1.62087,63.8293,1.62319,63.5179,0.543319,0.0063,1
CDGM,D-ZPK1A-25,1.61999,63.7646,1.62231,63.4529,0.543382,0.0062,1
CDGM,D-ZPK3,1.59419,67.2962,1.59630,67.0367,0.536685,0.0057,1
CDGM,D-ZPK3-25,1.59327,67.2272,1.59538,66.9673,0.536773,0.0054,1
CDGM,D-ZPK5,1.59280,68.3428,1.59487,67.9689,0.544742,0.0154,1
CDGM,D-ZPK5-25,1.59216,68.2823,1.59423,67.9079,0.544839,0.0154,1
CDGM,D-ZPK7,1.56907,71.3051,1.57097,70.9065,0.544333,0.0200,1
CDGM,D-ZPK7-25,1.56854,71.2362,1.57044,70.8382,0.544338,0.0199,1
CDGM,D-ZK2,1.58313,59.3824,1.58547,59.1410,0.541264,-0.0033,1
CDGM,D-ZK2-25,1.58241,59.3090,1.58475,59.0682,0.541242,-0.0035,1
CDGM,D-ZK2A,1.58313,59.5405,1.58547,59.2921,0.542054,-0.0022,1
CDGM,D-ZK2A-25,1.58229,59.4543,1.58463,59.2067,0.542040,-0.0024,1
CDGM,D-ZK2L,1.58700,59.6010,1.58935,59.3624,0.540884,-0.0033,1
CDGM,D-ZK2L-25,1.58625,59.5256,1.58860,59.2874,0.540901,-0.0035,1
CDGM,D-ZK3,1.58913,61.1536,1.59143,60.9498,0.536266,-0.0053,1
CDGM,D-ZK3-25,1.58833,61.2851,1.59062,61.0728,0.537377,-0.0039,1
CDGM,D-ZK3A,1.58913,61.1023,1.59143,60.8933,0.537352,-0.0044,1
CDGM,D-ZK3A-25,1.58828,61.0132,1.59058,60.8049,0.537348,-0.0046,1
CDGM,D-ZK3L,1.59170,60.7019,1.59403,60.4876,0.537923,-0.0045,1
CDGM,D-ZK3L-25,1.59090,60.6192,1.59323,60.4055,0.537925,-0.0046,1
CDGM,D-ZK21,1.62446,58.2086,1.62702,57.9958,0.540056,-0.0065,1
CDGM,D-ZK21-25,1.62346,58.1158,1.62602,57.9036,0.540061,-0.0066,1
CDGM,D-ZK79,1.60886,57.8966,1.61137,57.6329,0.544689,-0.0024,1
CDGM,D-ZK79-25,1.60809,57.8215,1.61060,57.5585,0.544686,-0.0026,1
CDGM,D-LaK5,1.67790,54.8903,1.68084,54.6525,0.545498,-0.0067,1
CDGM,D-LaK5-25,1.67686,54.8061,1.67980,54.5689,0.545497,-0.0069,1
CDGM,D-LaK6,1.69384,53.1289,1.69695,52.8941,0.547040,-0.0082,1
CDGM,D-LaK6-25,1.69281,53.0498,1.69592,52.8158,0.547034,-0.0083,1
CDGM,D-LaK52,1.73050,53.9449,1.73373,53.7133,0.545619,-0.0083,1
CDGM,D-LaK52-25,1.72924,53.8519,1.73247,53.6210,0.545616,-0.0084,1
CDGM,D-LaK70,1.66910,55.3903,1.67198,55.1545,0.544850,-0.0066,1
CDGM,D-LaK70-25,1.66800,55.2964,1.67088,55.0609,0.544874,-0.0067,1
CDGM,D-ZF10,1.68893,31.0781,1.69417,30.8361,0.599736,0.0070,1
CDGM,D-ZF10-25,1.68731,31.1842,1.69252,30.9421,0.599290,0.0067,1
CDGM,D-ZF93,2.00170,20.7005,2.01305,20.5242,0.638969,0.0285,1
CDGM,D-ZF93-25,1.99980,20.6867,2.01114,20.5107,0.638771,0.0283,1
CDGM,D-LaF50,1.77400,49.5910,1.77772,49.3215,0.554819,-0.0065,1
CDGM,D-LaF50-25,1.77288,49.5199,1.77660,49.2512,0.554825,-0.0066,1
CDGM,D-LaF050,1.76842,49.2827,1.77213,49.0410,0.552448,-0.0094,1
CDGM,D-LaF050-25,1.76709,49.1981,1.77080,48.9572,0.552435,-0.0095,1
CDGM,D-LaF53,1.74330,49.3265,1.74689,49.0819,0.552819,-0.0089,1
CDGM,D-LaF53-25,1.74210,49.2466,1.74569,49.0028,0.552822,-0.0090,1
CDGM,D-LaF79,1.73077,40.5085,1.73505,40.2516,0.572019,-0.0047,1
CDGM,D-LaF79-25,1.72986,40.4981,1.73414,40.2420,0.571876,-0.0049,1
CDGM,D-ZLaF50,1.80337,45.4921,1.80757,45.2402,0.559296,-0.0089,1
CDGM,D-ZLaF50-25,1.80225,45.4533,1.80645,45.2015,0.559383,-0.0090,1
CDGM,D-ZLaF52LA,1.81000,40.9934,1.81469,40.7362,0.569976,-0.0060,1
CDGM,D-ZLaF52LA-25,1.80882,40.9708,1.81351,40.7134,0.570060,-0.0058,1
CDGM,D-ZLaF61,1.82241,42.7151,1.82699,42.4530,0.566353,-0.0068,1
CDGM,D-ZLaF61-25,1.82131,42.6754,1.82588,42.4141,0.566306,-0.0068,1
CDGM,D-ZLaF67,1.88385,37.1994,1.88949,36.9490,0.577724,-0.0047,1
CDGM,D-ZLaF67-25,1.88259,37.1859,1.88822,36.9355,0.577769,-0.0047,1
CDGM,D-ZLaF81,1.80880,40.9999,1.81349,40.7428,0.569995,-0.0059,1
CDGM,D-ZLaF81-25,1.80757,40.9738,1.81225,40.7178,0.569874,-0.0060,1
CDGM,D-ZLaF85A,1.85222,40.1087,1.85727,39.8579,0.569964,-0.0075,1
CDGM,D-ZLaF85A-25,1.85110,40.0561,1.85615,39.8056,0.569955,-0.0075,1
CDGM,D-ZLaF85LN,1.84558,40.0948,1.85059,39.8382,0.571480,-0.0060,1
CDGM,D-ZLaF85LN-25,1.84443,40.0685,1.84943,39.8127,0.571346,-0.0062,1
CDGM,D-ZLaF85L,1.85370,40.5799,1.85870,40.3292,0.568485,-0.0081,1
CDGM,D-ZLaF85L-25,1.85260,40.5346,1.85760,40.2832,0.568659,-0.0081,1
CDGM,D-ZLaF85LS,1.85450,40.5940,1.85950,40.3420,0.568647,-0.0080,1
CDGM,D-ZLaF85LS-25,1.85344,40.5584,1.85844,40.3065,0.568684,-0.0080,1
Sumita,K-CaFK95,1.43425,95.0000,1.43535,94.3476,0.532104,0.0496,1
Sumita,K-PFK80,1.49700,81.5000,1.49846,80.9634,0.536996,0.0309,1
Sumita,K-PFK85,1.48563,85.2000,1.48699,84.7385,0.538599,0.0381,1
Sumita,K-GFK68,1.59240,90.0000,1.59447,67.9731,0.546464,0.0444,1
Sumita,K-GFK70,1.56908,68.3000,1.57098,70.9281,0.545315,0.0167,1
Sumita,K-PBK40,1.51760,71.3000,1.51954,63.3500,0.533707,0.0207,1
Sumita,K-PBK50,1.52250,62.2177,1.52450,62.0196,0.535053,-0.0057,1
Sumita,K-PBK60,1.52740,62.2906,1.52942,62.1109,0.534120,-0.0065,1
Sumita,K-PMK30,1.52501,70.3310,1.52679,70.1265,0.531392,0.0038,1
Sumita,K-PMK155,1.55820,68.2275,1.56015,67.9947,0.533738,0.0028,1
Sumita,K-PSK100,1.59170,60.6212,1.59402,60.3196,0.545682,0.0024,1
Sumita,K-PSK200,1.61305,58.9839,1.61553,58.6802,0.547966,0.0020,1
Sumita,K-PSK300,1.59950,65.5741,1.60168,65.2692,0.541253,0.0060,1
Sumita,K-PSK400,1.59500,67.8434,1.59709,67.4922,0.543229,0.0116,1
Sumita,K-PSK500,1.55215,71.9924,1.55398,71.6306,0.541044,0.0162,1
Sumita,K-CSK120,1.58699,59.4795,1.58934,59.2429,0.540507,-0.0047,1
Sumita,K-CSK158,1.58400,56.8543,1.58645,56.5708,0.547268,-0.0022,1
Sumita,K-SKLD5,1.58913,61.2350,1.59143,61.0309,0.536307,-0.0060,1
Sumita,K-SKLD100,1.59110,60.7029,1.59343,60.4839,0.538468,-0.0047,1
Sumita,K-SKLD120,1.58680,59.7486,1.58914,59.5256,0.538449,-0.0063,1
Sumita,K-SKLD200,1.58660,59.0146,1.58897,58.7794,0.541530,-0.0044,1
Sumita,K-SKLD300,1.56420,60.4100,1.56643,60.1897,0.538522,-0.0051,1
Sumita,K-SKLD310,1.60420,48.8825,1.60714,48.6236,0.558189,-0.0042,1
Sumita,K-LaFK50,1.77200,49.9835,1.77567,49.7077,0.554770,-0.0058,1
Sumita,K-LaFK50T,1.76600,49.7994,1.76966,49.5266,0.554435,-0.0064,1
Sumita,K-LaFK55,1.69399,56.2878,1.69693,56.0385,0.545071,-0.0053,1
Sumita,K-LaFK58,1.69560,59.0524,1.69841,58.7881,0.543496,-0.0024,1
Sumita,K-LaFK60,1.63246,63.7673,1.63483,63.4756,0.542162,0.0040,1
Sumita,K-LaFK63,1.63860,63.4337,1.64100,63.1450,0.542682,0.0039,1
Sumita,K-LaFK65,1.65670,62.2809,1.65922,62.0090,0.542066,0.0014,1
Sumita,K-VC78,1.66955,55.4276,1.67243,55.1851,0.544442,-0.0073,1
Sumita,K-VC79,1.61035,57.9288,1.61286,57.6919,0.541285,-0.0064,1
Sumita,K-VC80,1.69384,53.1155,1.69695,52.8641,0.548468,-0.0070,1
Sumita,K-VC82,1.75550,45.5955,1.75944,45.3548,0.558760,-0.0089,1
Sumita,K-VC89,1.80998,40.9487,1.81468,40.7062,0.566452,-0.0088,1
Sumita,K-VC90,1.85280,38.9977,1.85799,38.7471,0.572984,-0.0054,1
Sumita,K-VC91,1.88660,34.9540,1.89262,34.7139,0.582394,-0.0026,1
Sumita,K-VC99,1.85060,41.6222,1.85546,41.3820,0.564551,-0.0096,1
Sumita,K-VC100,1.80400,43.6021,1.80838,43.3533,0.562831,-0.0081,1
Sumita,K-VC174,1.74850,45.2829,1.75244,45.0271,0.560317,-0.0079,1
Sumita,K-VC179,1.79890,41.8505,1.80343,41.5978,0.566986,-0.0068,1
Sumita,K-VC181,1.81055,41.1398,1.81523,40.8825,0.568948,-0.0060,1
Sumita,K-VC185,1.85375,40.5939,1.85875,40.3528,0.566986,-0.0088,1
Sumita,K-CD45,1.69320,33.7424,1.69806,33.4887,0.592366,0.0054,1
Sumita,K-CD120,1.72250,29.2370,1.72833,29.0088,0.604134,0.0099,1
Sumita,K-CD180,1.80645,24.4071,1.81423,24.2176,0.618260,0.0162,1
Sumita,K-CD300,1.69220,29.6374,1.69772,29.4105,0.601180,0.0076,1
Sumita,K-LCV93,1.66520,47.3122,1.66854,47.0559,0.557498,-0.0074,1
Sumita,K-LCV161,1.61820,45.3166,1.62144,45.0257,0.568976,0.0008,1
Sumita,K-ZnSF8,1.71430,38.8527,1.71866,38.6049,0.573989,-0.0046,1
Sumita,K-PSFn1,1.90682,21.1717,1.91688,21.0023,0.633331,0.0260,1
Sumita,K-PSFn2,2.00171,20.6561,2.01310,20.4898,0.634732,0.0266,1
Sumita,K-PSFn3,1.83918,23.8606,1.84746,23.6684,0.622377,0.0194,1
Sumita,K-PSFn166,1.66300,34.4231,1.66756,34.1657,0.591053,0.0052,1
Sumita,K-PSFn185,1.85070,26.9126,1.85815,26.6908,0.613119,0.0151,1
Sumita,K-PSFn190,1.90460,21.4936,1.91448,21.3213,0.632396,0.0256,1
Sumita,K-PSFn214P,2.14400,17.7555,2.15905,17.6021,0.659065,0.0462,1
Sumita,K-PG325,1.50670,70.5374,1.50841,70.2190,0.538913,0.0117,1
Sumita,K-PG375,1.54249,62.8974,1.54455,62.5970,0.543270,0.0037,1
Sumita,K-FK5,1.48749,70.4022,1.48914,70.2157,0.528944,0.0015,
Sumita,K-BK7,1.51633,64.0627,1.51825,63.8535,0.534803,-0.0029,
Sumita,K-BPG2,1.55919,53.9033,1.56166,53.6257,0.551687,-0.0025,
Sumita,K-PSKn2,1.61800,63.3907,1.62033,63.1088,0.542234,0.0034,
Sumita,K-SK4,1.61272,58.5559,1.61521,58.2796,0.544838,-0.0018,
Sumita,K-SK5,1.58913,61.2648,1.59142,61.0156,0.539895,-0.0024,
Sumita,K-SK7,1.60729,59.4665,1.60972,59.2009,0.543140,-0.0020,
Sumita,K-SK14,1.60311,60.6939,1.60548,60.4333,0.541932,-0.0013,
Sumita,K-SK15,1.62299,58.1511,1.62554,57.8783,0.544288,-0.0030,
Sumita,K-SK16RH,1.62041,60.2734,1.62286,60.0355,0.540181,-0.0037,
Sumita,K-SK18,1.63854,55.5015,1.64128,55.2209,0.549715,-0.0019,
Sumita,K-SK18RH,1.63854,55.4811,1.64128,55.1952,0.550064,-0.0016,
Sumita,K-SSK1,1.61720,54.0737,1.61992,53.8067,0.548831,-0.0051,
Sumita,K-SSK3,1.61484,51.1076,1.61770,50.8505,0.551354,-0.0074,
Sumita,K-SSK4,1.61765,55.0819,1.62032,54.8096,0.546517,-0.0058,
Sumita,K-SSK9,1.62012,49.8136,1.62308,49.5183,0.560323,-0.0005,
Sumita,K-BaF8,1.62373,47.0634,1.62688,46.7905,0.564227,-0.0011,
Sumita,K-BaF9,1.64328,47.7611,1.64648,47.4659,0.564932,0.0008,
Sumita,K-BaFn1,1.68251,44.4653,1.68615,44.1806,0.569096,-0.0004,
Sumita,K-BaFn3,1.66422,49.1893,1.66743,48.9081,0.559036,-0.0028,
Sumita,K-BaSF4,1.65129,38.3663,1.65532,38.1052,0.579217,-0.0002,
Sumita,K-BaSF5,1.60325,42.5797,1.60661,42.3056,0.572210,-0.0004,
Sumita,K-LaK6,1.64250,58.1063,1.64514,57.8360,0.545073,-0.0023,
Sumita,K-LaK7,1.65160,58.2691,1.65427,58.0043,0.543515,-0.0036,
Sumita,K-LaK8,1.71300,53.9037,1.71616,53.6683,0.546217,-0.0080,
Sumita,K-LaK9,1.69100,54.7609,1.69401,54.4964,0.547677,-0.0051,
Sumita,K-LaK10,1.72000,50.3038,1.72341,50.0340,0.553646,-0.0064,
Sumita,K-LaK11,1.65830,57.2857,1.66104,57.0208,0.545068,-0.0037,
Sumita,K-LaK12,1.67790,55.4804,1.68082,55.2099,0.547635,-0.0040,
Sumita,K-LaK14,1.69680,55.6577,1.69979,55.4198,0.543854,-0.0075,
Sumita,K-LaK18,1.72916,54.6594,1.73234,54.4385,0.543532,-0.0095,
Sumita,K-LaKn2,1.64050,60.1979,1.64304,59.9567,0.541066,-0.0029,
Sumita,K-LaKn7,1.66999,51.7212,1.67308,51.4426,0.553638,-0.0041,
Sumita,K-LaKn14,1.74100,52.6740,1.74435,52.4445,0.546056,-0.0102,
Sumita,K-LaF2,1.74400,44.8444,1.74795,44.5700,0.564899,-0.0040,
Sumita,K-LaFn3,1.70001,48.0109,1.70348,47.7237,0.560262,-0.0035,
Sumita,K-LaFn5,1.74300,49.2310,1.74659,48.9819,0.553399,-0.0084,
Sumita,K-LaFn11,1.72014,46.0214,1.72386,45.7423,0.563696,-0.0033,
Sumita,K-LaSKn1,1.75500,52.3605,1.75844,52.1277,0.547376,-0.0093,
Sumita,K-LaSFn1,1.80611,40.7339,1.81081,40.4954,0.567055,-0.0085,
Sumita,K-LaSFn2,1.80501,39.5934,1.80983,39.3494,0.571301,-0.0061,
Sumita,K-LaSFn3,1.79950,42.2955,1.80399,42.0356,0.567235,-0.0058,
Sumita,K-LaSFn4,1.78499,43.6548,1.78927,43.4015,0.563319,-0.0075,
Sumita,K-LaSFn6,1.80401,46.5955,1.80811,46.3524,0.556533,-0.0095,
Sumita,K-LaSFn7,1.77249,49.5902,1.77620,49.3447,0.552528,-0.0087,
Sumita,K-LaSFn8,1.83500,42.7424,1.83965,42.4977,0.563663,-0.0087,
Sumita,K-LaSFn8W,1.83490,42.6889,1.83955,42.4437,0.563491,-0.0089,
Sumita,K-LaSFn9,1.81600,46.6695,1.82017,46.4200,0.556491,-0.0095,
Sumita,K-LaSFn10,1.81549,44.4046,1.81986,44.1650,0.559502,-0.0101,
Sumita,K-LaSFn14,1.83399,37.3608,1.83929,37.1003,0.579695,-0.0014,
Sumita,K-LaSFn16,1.78830,47.4166,1.79226,47.1716,0.554851,-0.0099,
Sumita,K-LaSFn17,1.88299,40.7857,1.88814,40.5386,0.566419,-0.0091,
Sumita,K-LaSFn21,1.85002,32.5068,1.85620,32.2627,0.598627,0.0097,
Sumita,K-LaSFn22,1.89800,34.0026,1.90425,33.7618,0.587049,0.0005,
Sumita,K-LaSFn23,1.91100,35.2195,1.91713,34.9719,0.583617,-0.0009,
Sumita,K-SFLD1,1.71736,29.5035,1.72310,29.2771,0.602817,0.0090,
Sumita,K-SFLD4,1.75520,27.4974,1.76167,27.2737,0.611653,0.0146,
Sumita,K-SFLD6,1.80519,25.4053,1.81265,25.2013,0.615697,0.0152,
Sumita,K-SFLD8,1.68893,31.1218,1.69416,30.8834,0.598635,0.0075,
Sumita,K-SFLD8W,1.68910,31.1696,1.69432,30.9312,0.598616,0.0075,
Sumita,K-SFLD11,1.78473,25.9120,1.79187,25.7031,0.615105,0.0155,
Sumita,K-SFLD14,1.76182,26.5129,1.76859,26.2969,0.614266,0.0156,
Sumita,K-SFLDn3,1.84670,23.8324,1.85506,23.6455,0.619901,0.0169,
Sumita,K-SFLDn3W,1.84670,23.8367,1.85506,23.6464,0.620600,0.0176,
Sumita,K-BOC30,2.00680,26.1870,2.01587,25.9822,0.610356,0.0112,
Sumita,K-GIR79,1.85920,33.0251,1.86536,32.7833,0.587141,-0.0010,
Sumita,K-GIR140,1.75106,43.0798,1.75521,42.7820,0.568345,-0.0034,
Sumita,K-FIR98UV,1.42537,97.7529,1.42641,97.2748,0.534353,0.0513,1
Sumita,K-FIR100UV,1.41390,100.8250,1.41488,100.3405,0.533745,0.0557,1
Apel,APL5014CL,1.54450,55.9877,1.54682,55.5674,0.560985,0.0102,1
Apel,APL5015AL,1.54451,56.0040,1.54683,55.5811,0.560814,0.0100,1
Apel,APL5514ML,1.54492,55.9306,1.54724,55.4865,0.561949,0.0110,1
Apel,APL5014GH,1.54492,55.9306,1.54724,55.4865,0.561949,0.0110,1
Osaka GC,OKP4HT              ,1.63280,23.3302,1.63916,23.0804,0.647330,0.0435,1
Osaka GC,OKP-A2              ,1.66059,20.4015,1.66815,20.1759,0.665308,0.0567,1
Osaka GC,OKP4HT-L            ,1.63270,23.2555,1.63908,23.0031,0.642366,0.0384,1
Osaka GC,OKP-A1              ,1.64975,21.4512,1.65688,21.1937,0.651307,0.0444,1
Osaka GC,OKP4                ,1.60792,26.9045,1.61323,26.6120,0.626701,0.0287,1
Osaka GC,OKP-1               ,1.64220,22.4091,1.64893,22.1713,0.647398,0.0421,1
Topas,5013LS-01,1.53320,56.1512,1.53540,55.6171,0.547585,-0.0030,1
Topas,5013X16,1.53310,56.1422,1.53520,55.4312,0.547732,-0.0028,1
Topas,6015S-04,1.53300,54.9762,1.53500,54.4658,0.526338,-0.0261,1
Zeon,Zeonex 330R,1.50940,56.4752,1.51155,56.0461,0.560741,0.0107,1
Zeon,Zeonex 350R,1.50919,56.3180,1.51134,55.9028,0.557859,0.0076,1
Zeon,Zeonex 480R,1.52512,56.2822,1.52734,55.8427,0.562152,0.0118,1
Zeon,Zeonex E48R,1.53113,55.7545,1.53340,55.3272,0.562719,0.0115,1
Zeon,Zeonex F52R,1.53461,56.0728,1.53688,55.6406,0.563985,0.0133,1
Zeon,Zeonex K22R,1.53504,55.7114,1.53732,55.2653,0.562211,0.0109,1
Zeon,Zeonex K26R,1.53504,55.7114,1.53732,55.2653,0.562211,0.0109,1
Zeon,Zeonex T26R,1.53650,55.9814,1.53878,55.5462,0.562078,0.0112,1
Reference,Silica,1.45846,67.8214,1.46018,67.6866,0.527729,-0.0004,
Reference,CaF2,1.43385,95.0000,1.43493,94.7200,0.540659,0.0553,
