Manufacturer,Typecode,nd,vd,"P_g,F","d_Pg,F"
Hoya,E-FDS3,2.1042,17.02,0.66307,0.0454
Hoya,TaFD65,2.0509,26.94,0.605385,0.0053
Ohara,S-LAH79,2.0033,28.3,0.598,0.0023
Hoya,E-FDS2,2.0027,19.32,0.645155,0.0316
Hoya,M-FDS2,2.0018,19.33,0.644676,0.0313
Ohara,S-LAH99,2.001,29.1,0.5997,0.0054
Hikari,J-LASFH16,2.001,29.12,0.5996,0.0041
Hoya,TaFD55,2.001,29.13,0.599709,0.0036
Hoya,TaFD40,2.0007,25.46,0.613584,0.0111
Hikari,J-LASFH17,2.0007,25.46,0.614,0.0123
Hoya,FDS16-W,1.9861,16.48,0.665664,0.0469
Ohara,S-TIH57,1.963,24.1,0.6212,0.0187
Ohara,S-NPH3,1.9591,17.5,0.6598,0.0466
Ohara,S-LAH98,1.9538,32.3,0.5905,0.0013
Hoya,TaFD45,1.9538,32.32,0.58977,0
Hikari,J-LASFH21,1.9538,32.33,0.5905,0.0004
Hoya,M-TAFD405,1.9515,29.83,0.595298,0.001
Hikari,J-LASFH15,1.95,29.37,0.6001,0.005
Hoya,FDS18,1.9459,17.98,0.654563,0.0386
Ohara,S-NPH2,1.9229,18.9,0.6495,0.0386
Hoya,E-FDS1,1.9229,20.88,0.639059,0.0283
Hoya,M-FDS1,1.9229,20.88,0.636878,0.0263
Hoya,FDS24,1.9212,23.96,0.620286,0.015
Ohara,S-LAH88,1.9165,31.6,0.5911,0.0008
Hoya,TaFD35,1.9108,35.25,0.58243,-0.0027
Ohara,S-LAH93,1.9053,35,0.5848,0
Hikari,J-LASFH13,1.9037,31.27,0.5948,0.0029
Ohara,S-LAH95,1.9037,31.3,0.5963,0.0055
Hoya,TaFD25,1.9037,31.32,0.594595,0.0028
Hikari,J-LASFH9A,1.9027,35.77,0.5815,-0.0028
Hikari,J-LASFH24,1.902,25.26,0.6166,0.0146
Hoya,NbFD27,1.9011,27.06,0.607207,0.0076
Hoya,TaFD37,1.9004,37.37,0.577418,-0.0039
Hoya,TaFD37A,1.9004,37.37,0.576588,-0.0044
Ohara,S-NPH4,1.8929,20.4,0.6393,0.0308
Ohara,S-LAH92,1.8919,37.1,0.578,-0.0034
Hikari,J-LASF08A,1.883,40.69,0.5673,-0.0088
Hoya,TaFD30,1.883,40.81,0.565619,-0.0093
Ohara,S-LAH58,1.883,40.8,0.5667,-0.0088
Hoya,M-TAFD307,1.882,37.22,0.577037,-0.0044
Hoya,TaFD33,1.881,40.14,0.570647,-0.006
Hoya,TaFD32,1.8707,40.73,0.568554,-0.0068
Hoya,FDS20-W,1.8697,20.02,0.643416,0.0312
Ohara,L-LAH94,1.861,37.1,0.5785,-0.0029
Hikari,J-SFH2,1.8607,23.08,0.6258,0.0202
Ohara,S-NPH5,1.859,22.7,0.6284,0.0237
Hoya,NbFD30,1.8588,30,0.597974,0.0036
Ohara,S-NBH56,1.8548,24.8,0.6122,0.0109
Hoya,NbFD25,1.8545,25.16,0.610244,0.0073
Ohara,L-LAH85V,1.854,40.38,0.5688,-0.0073
Ohara,S-LAH89,1.8515,40.8,0.5695,-0.006
Hoya,M-TAFD305,1.8514,40.1,0.569477,-0.0067
Hikari,Q-LASFH58S,1.8511,40.12,0.5685,-0.0085
Hikari,J-LASF021,1.8503,32.35,0.5947,0.0046
Ohara,S-LAH71,1.8503,32.3,0.5929,0.0036
Ohara,S-NBH57,1.8503,30,0.5979,0.0051
Hikari,J-LASFH23,1.85,27.03,0.6093,0.0103
Hikari,J-LASFH22,1.8485,43.79,0.562,-0.0089
Hoya,FDS90,1.8467,23.79,0.619101,0.0137
Ohara,S-TIH53,1.8467,23.8,0.6205,0.0175
Hikari,J-SF03,1.8467,23.8,0.6215,0.0171
Hoya,FDS90(P),1.8467,23.88,0.619007,0.0137
Hoya,TaFD5G,1.8348,42.72,0.564995,-0.0067
Hoya,TaFD5F,1.8348,42.72,0.564995,-0.0064
Hikari,J-LASF05,1.8348,42.73,0.5648,-0.0079
Ohara,S-LAH55V,1.8348,42.7,0.5648,-0.0075
Hoya,M-NBFD10,1.8344,37.29,0.577301,-0.0039
Hikari,J-LASF010,1.834,37.18,0.5778,-0.0042
Ohara,S-LAH60,1.834,37.2,0.5776,-0.0037
Hoya,NbFD10,1.834,37.34,0.579042,-0.0021
Ohara,L-LAH90,1.8322,40.1,0.5714,-0.0052
Hoya,M-FDS910,1.8212,24.06,0.623791,0.0187
Hikari,Q-LASFH59S,1.821,42.5,0.565,-0.0081
Hoya,M-TAFD51,1.8208,42.71,0.563996,-0.0072
Hoya,TaF5,1.816,46.57,0.555619,-0.0083
Hikari,J-LASF09A,1.816,46.59,0.5566,-0.0096
Ohara,S-LAH59,1.816,46.6,0.5568,-0.0092
Ohara,L-LAH84,1.8084,40.55,0.5692,-0.0067
Ohara,S-NPH1,1.8081,22.8,0.6307,0.0261
Hikari,J-SFH1,1.8081,22.74,0.6288,0.0226
Hoya,FD225,1.8081,22.76,0.628451,0.0213
Ohara,L-LAH53,1.8063,40.91,0.5691,-0.0062
Hoya,NbFD15,1.8061,33.27,0.58877,0
Hikari,J-LASFH6,1.8061,33.34,0.5904,0.002
Hoya,M-NBFD130,1.8061,40.73,0.568687,-0.0056
Hoya,NbFD13,1.8061,40.74,0.566953,-0.0078
Hikari,J-LASF03,1.8061,40.97,0.5688,-0.0068
Ohara,S-LAH53,1.8061,40.9,0.5701,-0.0052
Hikari,Q-LASF03S,1.806,40.74,0.569,-0.007
Ohara,S-TIH6,1.8052,25.4,0.6161,0.0158
Hikari,J-SF6,1.8052,25.45,0.6157,0.014
Hikari,J-SF6HS,1.8052,25.45,0.6157,0.014
Hoya,FD60,1.8052,25.46,0.615555,0.0132
Hoya,NbFD3,1.8045,39.64,0.57171,-0.0055
Hikari,J-LASF013,1.8044,39.61,0.5719,-0.006
Ohara,S-LAH63,1.8044,39.6,0.5729,-0.0045
Hoya,TaF3D,1.8042,46.5,0.557225,-0.0074
Hoya,TaF3,1.8042,46.5,0.557803,-0.0066
Ohara,S-LAH65V,1.804,46.6,0.5573,-0.0088
Hikari,J-LASF015,1.804,46.6,0.5575,-0.0087
Hikari,Q-SF6S,1.803,25.53,0.6153,0.0138
Hoya,M-TAF31,1.8014,45.45,0.55814,-0.0084
Hikari,J-LAF016,1.801,34.92,0.5853,-0.0004
Ohara,S-LAM66,1.801,35,0.5864,0.0015
Ohara,S-NBH55,1.8,29.9,0.6017,0.0085
Hikari,J-LASF02,1.7995,42.09,0.5667,-0.007
Ohara,S-LAH52,1.7995,42.2,0.5672,-0.006
Hoya,NbFD12,1.7995,42.34,0.565148,-0.0072
Hikari,Q-LASFPH3S,1.7953,45.25,0.5589,-0.0095
Hikari,J-LAFH3,1.795,28.69,0.6065,0.0103
Hikari,J-LASF017,1.795,45.31,0.5598,-0.0085
Hoya,TaF2,1.7945,45.39,0.557714,-0.0094
Ohara,S-LAM73,1.7936,37.1,0.5828,0.0013
Hikari,Q-LASFH12S,1.7906,44.98,0.5596,-0.0093
Ohara,S-NBH58,1.7888,28.4,0.6009,0.0054
Ohara,S-LAH64,1.788,47.4,0.5559,-0.0089
Hikari,J-LASF014,1.788,47.35,0.5559,-0.009
Hoya,TaF4,1.788,47.49,0.553948,-0.0091
Hoya,NbFD11,1.7859,43.94,0.561207,-0.0081
Hikari,J-LASF01,1.7859,44.17,0.5625,-0.0078
Ohara,S-LAH51,1.7859,44.2,0.5631,-0.0069
Ohara,S-TIH11,1.7847,25.7,0.6161,0.0162
Hikari,J-SF11,1.7847,25.64,0.6157,0.0144
Hoya,FD110,1.7847,25.72,0.615864,0.0138
Hikari,J-SFS3,1.7847,26.27,0.6131,0.0128
Ohara,S-TIH23,1.7847,26.3,0.6135,0.0146
Ohara,S-NPH7,1.7783,23.9,0.6248,0.022
Hikari,Q-LASFH11S,1.7739,47.25,0.5557,-0.0094
Hoya,M-TAF401,1.7738,47.17,0.556098,-0.0078
Hoya,M-TAF1,1.7725,49.46,0.554773,-0.0054
Hoya,M-TAF105,1.7725,49.5,0.55157,-0.0073
Hikari,J-LASF016,1.7725,49.62,0.5518,-0.0093
Hoya,TaF1,1.7725,49.63,0.550771,-0.0086
Ohara,S-LAH66,1.7725,49.6,0.552,-0.0092
Hoya,NbFD29,1.7705,29.74,0.595137,0.0003
Hoya,M-TAF101,1.768,49.24,0.551282,-0.0082
Hikari,J-LASFH2,1.7668,46.78,0.5576,-0.0083
Hikari,Q-LASFPH2S,1.7654,46.75,0.5565,-0.0095
Ohara,L-LAH91,1.7645,49.09,0.5528,-0.0092
Ohara,S-LAH96,1.7639,48.5,0.5589,-0.0041
Ohara,S-LAM55,1.762,40.1,0.5765,-0.0001
Hikari,J-LAF05,1.762,40.11,0.5724,-0.0046
Ohara,S-TIH14,1.7618,26.5,0.6136,0.015
Hikari,J-SF14,1.7618,26.58,0.6127,0.013
Hoya,FD140,1.7618,26.61,0.612295,0.0119
Hikari,J-LAF04,1.757,47.86,0.5556,-0.0084
Ohara,S-LAM54,1.757,47.8,0.5565,-0.0076
Hikari,J-SFH5,1.7558,24.71,0.6291,0.0262
Hoya,E-FD4L,1.7552,27.53,0.609187,0.0103
Hoya,E-FD4,1.7552,27.53,0.609187,0.0103
Hikari,J-SF4,1.7552,27.57,0.6093,0.0112
Ohara,S-TIH4,1.7552,27.5,0.6103,0.0133
Hoya,M-TAC60,1.755,51.16,0.54878,-0.0078
Ohara,S-LAH97,1.755,52.3,0.5474,-0.0094
Hoya,TaC6,1.755,52.32,0.547471,-0.0069
Hikari,J-LASKH2,1.755,52.34,0.5476,-0.009
Hoya,FF8,1.7521,25.05,0.619048,0.016
Ohara,S-NBH51,1.7495,35.3,0.5818,-0.0025
Hoya,E-LaF7,1.7495,35.04,0.590463,0.0054
Hikari,J-LAF7,1.7495,35.25,0.5881,0.0029
Ohara,S-LAM7,1.7495,35.3,0.5869,0.0025
Hikari,J-LAF2,1.744,44.81,0.5636,-0.0056
Hoya,LaF2,1.744,44.9,0.563066,-0.0044
Ohara,S-LAM2,1.744,44.8,0.5655,-0.0035
Hoya,NbF1,1.7433,49.22,0.549669,-0.0103
Hoya,M-NBF1,1.7433,49.33,0.552754,-0.0068
Hikari,J-LAF010,1.7432,49.26,0.5526,-0.0092
Ohara,L-LAM60,1.7432,49.29,0.5529,-0.0088
Ohara,S-LAM60,1.7432,49.3,0.5531,-0.0085
Hikari,Q-LAFPH1S,1.7431,49.44,0.5531,-0.0084
Hikari,Q-LAF010S,1.743,49.25,0.5535,-0.0083
Hoya,TaC2,1.741,52.61,0.544358,-0.0092
Hikari,J-LAK011,1.741,52.77,0.5472,-0.0086
Ohara,S-LAL61,1.741,52.7,0.5467,-0.0096
Hikari,J-SF13,1.7408,27.74,0.6088,0.011
Hoya,E-FD13,1.7408,27.76,0.607344,0.0094
Ohara,S-TIH13,1.7408,27.8,0.6095,0.013
Ohara,S-TIH3,1.74,28.3,0.6079,0.0122
Hikari,J-KZFH9,1.738,32.26,0.5896,-0.0006
Ohara,S-NBH53V,1.738,32.3,0.59,0.0008
Hoya,TaC4,1.734,51.05,0.550452,-0.0064
Hikari,J-LAK09,1.734,51.51,0.548,-0.0099
Ohara,S-LAL59,1.734,51.5,0.5486,-0.0096
Hikari,J-KZFH7,1.7321,46.18,0.5578,-0.0091
Hoya,M-LAF81,1.7308,40.5,0.571508,-0.004
Ohara,L-LAM69,1.7308,40.51,0.5728,-0.0031
Hoya,NbFD32,1.7304,32.23,0.590026,-0.0004
Ohara,S-LAL19,1.7292,54.1,0.5448,-0.0092
Hikari,J-LAK18,1.7292,54.61,0.5443,-0.0085
Hoya,TaC8,1.7292,54.67,0.544978,-0.0046
Ohara,S-LAL18,1.7292,54.7,0.5444,-0.0086
Hoya,M-TAC80,1.729,54.04,0.544107,-0.0064
Hoya,E-FD10L,1.7283,28.32,0.60599,0.0085
Hoya,E-FD10,1.7283,28.32,0.60599,0.0085
Hikari,J-SF10,1.7283,28.38,0.6069,0.0101
Ohara,S-TIH10,1.7283,28.5,0.6077,0.0123
Hoya,BaFD8,1.7234,38,0.581933,0.0021
Ohara,S-BAH28,1.7234,38,0.5836,0.0035
Hikari,J-BASF8,1.7234,38.03,0.583,0.0024
Ohara,S-TIH18,1.7215,29.2,0.6053,0.0111
Ohara,S-NBH8,1.7205,34.7,0.5834,-0.0019
Ohara,S-LAM61,1.72,46,0.5635,-0.0035
Hikari,J-LAF02,1.72,43.61,0.5683,-0.0029
Hoya,LaC10,1.72,50.35,0.55035,-0.0074
Ohara,S-LAL10,1.72,50.2,0.5521,-0.0081
Hikari,J-LAK10,1.72,50.27,0.5527,-0.0073
Ohara,S-TIH1,1.7174,29.5,0.6047,0.011
Hoya,E-FD1L,1.7174,29.5,0.603618,0.0083
Hoya,E-FD1,1.7174,29.5,0.603618,0.0083
Hikari,J-SF1,1.7174,29.57,0.6036,0.0089
Ohara,S-LAM3,1.717,47.9,0.5605,-0.0034
Hikari,J-LAF3,1.717,47.98,0.5585,-0.0053
Hoya,LaF3,1.717,47.98,0.556225,-0.0063
Hikari,J-SFH6,1.7134,26.04,0.6297,0.029
Hoya,LaC8,1.713,53.94,0.543873,-0.0071
Hoya,M-LAC8,1.713,53.94,0.544629,-0.0066
Hikari,J-LAK8,1.713,53.96,0.5452,-0.0086
Ohara,S-LAL8,1.713,53.9,0.5459,-0.0084
Ohara,S-LAL21,1.703,52.4,0.5506,-0.0061
Hikari,J-BASF7,1.7015,41.02,0.5758,0.0003
Hoya,BaFD7,1.7015,41.15,0.57654,0.0028
Ohara,S-BAH27,1.7015,41.2,0.5765,0.0018
Hikari,J-LAF01,1.7,48.11,0.5604,-0.0033
Ohara,S-LAL20,1.6993,51.1,0.5552,-0.0036
Hoya,E-FD15L,1.699,30.05,0.602752,0.0086
Hoya,E-FD15,1.699,30.05,0.602752,0.0086
Hikari,J-SF15,1.699,30.13,0.6021,0.0083
Ohara,S-TIM35,1.6989,30.1,0.603,0.0103
Hikari,J-LAF09,1.697,48.45,0.5587,-0.0043
Hoya,LaC14,1.6968,55.46,0.542994,-0.006
Hoya,M-LAC14,1.6968,55.46,0.542994,-0.006
Hikari,J-LAK14,1.6968,55.52,0.543,-0.0082
Ohara,S-LAL14,1.6968,55.5,0.5434,-0.0082
Ohara,L-TIM28P,1.6945,30.66,0.5992,0.0073
Ohara,S-LAL13,1.6935,53.2,0.5473,-0.0081
Ohara,L-LAL13,1.6935,53.18,0.5482,-0.0072
Hoya,M-LAC130,1.6935,53.2,0.546779,-0.0059
Hikari,J-LAK13,1.6935,53.21,0.548,-0.0071
Hoya,LaC13,1.6935,53.34,0.546154,-0.0067
Ohara,S-LAL58,1.6935,50.8,0.5546,-0.0047
Hikari,Q-LAK53S,1.6934,53.3,0.5475,-0.0074
Ohara,L-LAL15,1.693,52.93,0.5467,-0.0091
Ohara,S-LAL9,1.691,54.8,0.5449,-0.0079
Hoya,LaC9,1.691,54.7,0.542359,-0.008
Hikari,J-LAK9,1.691,54.93,0.5442,-0.0079
Hoya,E-FD80,1.6896,31.14,0.603433,0.0108
Ohara,L-TIM28,1.6895,31.02,0.5987,0.0074
Ohara,S-TIM28,1.6889,31.1,0.6004,0.0092
Hikari,J-SF8,1.6889,31.16,0.5993,0.0072
Hoya,E-FD8,1.6889,31.16,0.598824,0.0067
Hoya,M-FD80,1.6889,31.16,0.603799,0.0116
Hoya,FD270,1.6843,26.81,0.623041,0.0231
Hikari,J-KZFH6,1.6838,37.64,0.5782,-0.003
Hikari,Q-LAK52S,1.678,54.89,0.5448,-0.0074
Hikari,J-LAK06,1.6779,50.67,0.5555,-0.0038
Ohara,S-LAL12,1.6779,55.3,0.5472,-0.0047
Hikari,J-LAK12,1.6779,55.35,0.547,-0.0045
Hoya,LaC12,1.6779,55.52,0.545455,-0.0033
Ohara,S-NBH52V,1.673,38.3,0.5757,-0.0039
Ohara,S-TIM25,1.6727,32.1,0.5988,0.0093
Hoya,E-FD5,1.6727,32.17,0.596365,0.0059
Hikari,J-SF5,1.6727,32.19,0.5973,0.0069
Hikari,J-BAF10,1.67,47.14,0.5626,-0.0027
Hoya,BaF10,1.67,47.2,0.564085,0.0008
Ohara,S-BAH10,1.67,47.3,0.5627,-0.0024
Hikari,J-LAK02,1.67,57.35,0.5428,-0.0053
Hikari,J-BASF6,1.6676,41.87,0.5751,0.001
Hoya,BaF11,1.6667,48.3,0.563768,0.0021
Hikari,J-BAF11,1.6667,48.33,0.5603,-0.0029
Ohara,S-BAH11,1.6667,48.3,0.5609,-0.0024
Hikari,J-BASF2,1.6645,35.87,0.589,0.0048
Hikari,J-SFH4,1.6638,27.35,0.6319,0.0334
Ohara,S-BSM25,1.6584,50.9,0.556,-0.0031
Hikari,J-SSK5,1.6584,50.84,0.5578,-0.0013
Hoya,BaCED5,1.6584,50.86,0.557529,0.0008
Hoya,E-ADF50,1.6541,39.62,0.574545,-0.0033
Ohara,S-NBH5,1.6541,39.7,0.5737,-0.0036
Hoya,LaC7,1.6516,58.4,0.53991,-0.0035
Hikari,J-LAK7,1.6516,58.57,0.5416,-0.0045
Hikari,J-LAK7R,1.6516,58.62,0.5409,-0.0051
Ohara,S-LAL7,1.6516,58.5,0.5425,-0.0042
Ohara,S-LAL54Q,1.651,56.2,0.542,-0.0085
Hikari,J-LAK04,1.651,56.24,0.5453,-0.0047
Ohara,S-LAL54,1.651,56.2,0.5482,-0.0024
Hoya,E-BaCED20,1.6485,53.03,0.551922,-0.0008
Ohara,S-BSM71,1.6485,53,0.5547,-0.001
Hikari,J-SF2,1.6477,33.73,0.5931,0.0053
Hoya,E-FD2,1.6477,33.84,0.592476,0.0049
Ohara,S-TIM22,1.6477,33.8,0.5938,0.007
Hikari,J-LAK01,1.64,60.2,0.5377,-0.0056
Hoya,LaCL60,1.64,60.2,0.536218,-0.0039
Ohara,S-BSM81,1.64,60.1,0.537,-0.0073
Hikari,J-SF7,1.6398,34.55,0.5915,0.0051
Hoya,E-FD7,1.6398,34.57,0.591572,0.0056
Ohara,S-TIM27,1.6398,34.5,0.5922,0.0065
Hikari,J-BAF12,1.6393,44.83,0.5697,0.0005
Ohara,S-BAM12,1.6393,44.9,0.5683,-0.0006
Hikari,J-SK18,1.6385,55.34,0.5502,-0.0013
Hoya,BaCD18,1.6385,55.45,0.546875,-0.001
Ohara,S-BSM18,1.6385,55.4,0.5484,-0.0035
Hikari,J-PSKH8,1.6285,59.17,0.5557,0.0106
Hikari,J-F1,1.6259,35.72,0.5888,0.0044
Hoya,E-F1,1.6259,35.74,0.588235,0.0038
Hikari,J-BAF8,1.6237,47.01,0.565,-0.0005
Hoya,E-BaF8,1.6237,47.05,0.563019,-0.001
Ohara,S-BSM15,1.623,58.2,0.5458,-0.0016
Hoya,BaCD15,1.623,58.12,0.543843,0.0007
Hikari,J-SK15,1.623,58.12,0.5438,-0.003
Hikari,Q-SK15S,1.6229,58.3,0.5438,-0.0027
Hoya,E-BaCD10,1.6228,56.91,0.547532,0.0009
Hikari,J-SK10,1.6228,57.1,0.5463,-0.0022
Ohara,S-BSM10,1.6228,57,0.5464,-0.0028
Hoya,M-BACD15,1.6226,58.17,0.540187,-0.0045
Ohara,S-BSM16,1.6204,60.3,0.5427,-0.0012
Hikari,J-SK16,1.6204,60.25,0.5402,-0.0031
Hoya,BaCD16,1.6204,60.35,0.539883,-0.0003
Ohara,S-TIM2,1.62,36.3,0.5879,0.0051
Hoya,E-F2,1.62,36.3,0.587237,0.0043
Hikari,J-F2,1.62,36.4,0.5878,0.0045
Hoya,PCD40,1.62,63.88,0.54171,0.0092
Hoya,M-PCD4,1.6188,63.85,0.541796,0.0083
Hikari,Q-PSKH52S,1.6188,63.73,0.541,0.0036
Hikari,J-PSK02,1.618,63.34,0.5411,0.0031
Hoya,PCD4,1.618,63.4,0.539487,0.0059
Ohara,S-PHM52,1.618,63.4,0.5441,0.0051
Ohara,S-BSM28,1.6177,49.8,0.5603,-0.0006
Hikari,J-SSK8,1.6177,49.81,0.5596,-0.0012
Hikari,J-SSK1,1.6172,53.97,0.5502,-0.0036
Ohara,S-NBM51,1.6134,44.3,0.5633,-0.0065
Hoya,E-ADF10,1.6131,44.36,0.560781,-0.008
Hikari,J-F3,1.6129,36.95,0.5863,0.004
Hoya,E-F3,1.6129,36.96,0.585645,0.0032
Hikari,J-SK4,1.6127,58.54,0.5447,-0.0015
Hoya,BaCD4,1.6127,58.58,0.544933,0.0019
Hikari,J-KZFH1,1.6127,44.46,0.564,-0.0058
Hoya,BaCD2,1.6074,56.72,0.548086,0.002
Hikari,J-SK2,1.6074,56.74,0.5476,-0.0016
Ohara,S-BSM2,1.6074,56.8,0.5483,-0.0013
Hoya,LBC3N,1.6063,63.72,0.544118,0.0108
Hikari,J-BAF4,1.6056,43.49,0.5727,0.0013
Ohara,S-BAM4,1.6056,43.7,0.5721,0.0013
Ohara,S-TIM5,1.6034,38,0.5835,0.0036
Hoya,E-F5,1.6034,38.01,0.582494,0.0029
Hikari,J-F5,1.6034,38.03,0.5829,0.0024
Ohara,S-BSM14,1.6031,60.7,0.5415,-0.0019
Hikari,J-SK14,1.6031,60.69,0.5411,-0.0014
Hoya,BaCD14,1.6031,60.7,0.541793,0.002
Ohara,S-PHM53,1.603,65.5,0.5401,0.0045
Hikari,J-PSK03,1.603,65.44,0.5389,0.0043
Hikari,J-F8,1.5955,39.21,0.5806,0.002
Hoya,E-F8,1.5955,39.22,0.581028,0.0026
Ohara,S-TIM8,1.5955,39.2,0.5803,0.0023
Ohara,S-FPM2,1.5952,67.7,0.5442,0.0123
Hoya,FCD600,1.5941,60.47,0.55499,0.0156
Hoya,PCD51,1.5935,67,0.536117,0.0088
Hikari,J-PSKH4,1.5935,67,0.5358,0.0038
Hikari,J-PSKH1,1.5932,67.9,0.544,0.0135
Hoya,FCD515,1.5928,68.62,0.545771,0.0192
Hoya,FCD505,1.5928,68.62,0.545771,0.0192
Ohara,S-FTM16,1.5927,35.3,0.5933,0.009
Hikari,J-F16,1.5927,35.27,0.5936,0.0084
Hoya,FF5,1.5927,35.45,0.592703,0.0082
Hikari,Q-PSKH1S,1.5926,67.86,0.5441,0.0136
Hikari,Q-PSKH4S,1.5925,66.92,0.5359,0.0038
Ohara,L-BAL35P,1.5921,61,0.5382,-0.0046
Hoya,M-PCD51,1.592,67.02,0.536806,0.0081
Ohara,L-BAL35,1.5891,61.15,0.5382,-0.0043
Ohara,S-BAL35,1.5891,61.2,0.5407,-0.0018
Hikari,J-SK5,1.5891,61.22,0.5401,-0.0016
Hoya,BaCD5,1.5891,61.25,0.539501,0.0022
Hoya,M-BACD5N,1.5891,61.25,0.537422,-0.0007
Hikari,Q-SK55S,1.5889,61.14,0.5384,-0.0034
Ohara,L-BAL42P,1.5859,59.24,0.5425,-0.0031
Ohara,L-BAL43,1.5857,59.7,0.5415,-0.0034
Ohara,L-BAL42,1.5831,59.38,0.5423,-0.0031
Hikari,J-SK12,1.5831,59.42,0.5429,-0.0018
Hoya,M-BACD12,1.5831,59.46,0.541837,-0.0008
Ohara,S-BAL42,1.5831,59.4,0.5434,-0.002
Hikari,Q-SK52S,1.5829,59.51,0.5408,-0.0037
Hikari,J-BAF3,1.5827,46.48,0.5663,-0.0001
Hoya,E-FL5,1.5814,40.89,0.576653,0.002
Hikari,J-LF5,1.5814,40.98,0.5763,0.0007
Ohara,S-TIL25,1.5814,40.7,0.5774,0.0019
Hikari,J-BALF4,1.5796,53.74,0.5519,-0.0023
Hikari,J-LF7,1.575,41.51,0.5765,0.0017
Ohara,S-TIL27,1.575,41.5,0.5767,0.0024
Hikari,J-BAK1,1.5725,57.3,0.5471,-0.0011
Ohara,S-BAL3,1.5714,53,0.5553,-0.0005
Ohara,S-BAL2,1.571,50.8,0.5588,-0.0005
Ohara,S-BAL14,1.5688,56.3,0.5489,-0.0014
Hikari,J-BAK4,1.5688,56,0.5484,-0.002
Hoya,BaC4,1.5688,56.04,0.548768,0.001
Ohara,S-TIL26,1.5673,42.8,0.5731,0.0009
Hikari,J-LF6,1.5673,42.58,0.5754,0.0024
Hoya,E-FL6,1.5673,42.84,0.574773,0.0031
Hikari,J-SK11,1.5638,60.71,0.5411,-0.0014
Hoya,BaCD11,1.5638,60.83,0.540453,0.0019
Ohara,S-BAL41,1.5638,60.7,0.5402,-0.0031
Hoya,FCD500,1.554,71.76,0.53886,0.0207
Hoya,M-FCD500,1.5533,71.69,0.540155,0.0211
Hikari,J-KZFH4,1.553,55.07,0.5447,-0.0073
Ohara,S-FPM5,1.552,70.7,0.5421,0.015
Hoya,FCD705,1.5503,75.5,0.540466,0.0276
Ohara,S-TIL1,1.5481,45.8,0.5686,0.0012
Hikari,J-LLF1,1.5481,45.51,0.5685,0.0005
Hoya,E-FEL1,1.5481,45.82,0.570234,0.0041
Hikari,J-LLF2,1.5407,46.97,0.5654,-0.0001
Ohara,S-TIL2,1.5407,47.2,0.5651,0
Hoya,E-FEL2,1.5407,47.2,0.56719,0.0044
Hikari,J-BAK2,1.54,59.52,0.5437,-0.0008
Ohara,S-BAL12,1.54,59.5,0.5441,-0.0012
Ohara,S-FPM3,1.5378,74.7,0.5392,0.0186
Hikari,J-LLF6,1.5317,48.78,0.5622,-0.0003
Hoya,E-FEL6,1.5317,48.84,0.566176,0.0052
Ohara,S-TIL6,1.5317,48.9,0.5631,0.0007
Ohara,S-FPM4,1.5284,76.5,0.5396,0.0218
Hikari,J-K5,1.5225,59.21,0.544,-0.001
Hikari,J-PKH1,1.5186,69.89,0.5318,0.0047
Hikari,J-K3,1.5182,58.82,0.5449,-0.0008
Hoya,E-C3,1.5182,58.96,0.5438,0.002
Ohara,S-NSL3,1.5182,59,0.5457,-0.0005
Hoya,E-CF6,1.5174,52.15,0.558468,0.0045
Hikari,J-KF6,1.5174,52.2,0.5579,0.0011
Ohara,S-NSL36,1.5174,52.4,0.5564,-0.0002
Hikari,J-BK7A,1.5168,64.14,0.5357,-0.001
Hoya,BSC7,1.5168,64.2,0.534161,0.0015
Ohara,L-BSL7,1.5163,64.06,0.5333,-0.0045
Ohara,S-BSL7,1.5163,64.1,0.5353,-0.0024
Hikari,J-FKH1,1.4978,82.57,0.5386,0.0327
Hikari,Q-FKH1S,1.4973,82.51,0.5386,0.0327
Hoya,FCD1B,1.4971,81.56,0.537705,0.0369
Hoya,M-FCD1,1.4971,81.56,0.537705,0.0369
Hoya,FCD1,1.497,81.61,0.538588,0.0374
Hikari,J-FK01A,1.497,81.65,0.5372,0.0298
Ohara,S-FPL51,1.497,81.6,0.5375,0.028
Hikari,Q-FK01AS,1.4965,81.6,0.5372,0.0298
Ohara,S-FSL5,1.4875,70.2,0.53,0.0022
Hikari,J-FK5,1.4875,70.31,0.5291,0.0027
Hoya,FC5,1.4875,70.44,0.530347,0.009
Reference,FusedSilica,1.4585,67.83,0.527663,-0.002100
Hoya,FCD10,1.4565,90.27,0.533597,0.048800
Hikari,J-FKH2,1.4560,91.36,0.534200,0.043100
Hikari,Q-FKH2S,1.4556,91.31,0.534300,0.043100
Ohara,S-FPL53,1.4388,94.95,0.534000,0.046100
Ohara,S-FPL55,1.4388,94.66,0.534000,0.045700
Hoya,FCD100,1.4370,95.10,0.532609,0.056400
Reference,Fluorite,1.4338,95.17,0.538925,0.055200
